ensg	symbol	biotype	chrom	start	end	strand	host_symbol	host_ensg	host_type
ENSG00000264341		miRNA	1	5564071	5564143	1		ENSG00000289893	antisense
ENSG00000264101	MIR4689	miRNA	1	5862672	5862741	-1			intergenic
ENSG00000284357	MIR34A	miRNA	1	9151668	9151777	-1	MIR34AHG	ENSG00000228526	intragenic
ENSG00000207941	MIR552	miRNA	1	34669599	34669694	-1		ENSG00000287703	intragenic
ENSG00000264698	MIR4255	miRNA	1	37161563	37161634	1		ENSG00000223944	antisense
ENSG00000283724	MIR6732	miRNA	1	37480230	37480289	1	ZC3H12A	ENSG00000163874	intragenic
ENSG00000284410	MIR6733	miRNA	1	43171652	43171712	-1	EBNA1BP2	ENSG00000117395	intragenic
ENSG00000283477	MIR6079	miRNA	1	43838622	43838683	1		ENSG00000284989	intragenic
ENSG00000283477	MIR6079	miRNA	1	43838622	43838683	1	ST3GAL3	ENSG00000126091	intragenic
ENSG00000263675	MIR5581	miRNA	1	37500935	37500994	-1	MEAF6	ENSG00000163875	intragenic
ENSG00000276081	MIR7156	miRNA	1	77060143	77060202	1	ST6GALNAC5	ENSG00000117069	intragenic
ENSG00000198974	MIR30E	miRNA	1	40754355	40754446	1	NFYC	ENSG00000066136	intragenic
ENSG00000207962	MIR30C1	miRNA	1	40757284	40757372	1	NFYC	ENSG00000066136	intragenic
ENSG00000263526	MIR378G	miRNA	1	94745860	94745900	-1	SLC44A3-AS1	ENSG00000293271	intragenic
ENSG00000211575	MIR760	miRNA	1	93846832	93846911	1	BCAR3	ENSG00000137936	antisense
ENSG00000275455	MIR7852	miRNA	1	107897223	107897304	1	VAV3	ENSG00000134215	antisense
ENSG00000215930	MIR942	miRNA	1	117094643	117094728	1	TTF2	ENSG00000116830	intragenic
ENSG00000283296	MIR4256	miRNA	1	112461770	112461833	-1	CTTNBP2NL	ENSG00000143079	antisense
ENSG00000221545	MIR1255B2	miRNA	1	167998660	167998726	1	DCAF6	ENSG00000143164	intragenic
ENSG00000283340	MIR3119-1	miRNA	1	170151378	170151462	-1	NTMT2	ENSG00000203740	antisense
ENSG00000263390	MIR3119-2	miRNA	1	170151378	170151462	1	NTMT2	ENSG00000203740	intragenic
ENSG00000264377	MIR4671	miRNA	1	234306467	234306539	1	SLC35F3	ENSG00000183780	intragenic
ENSG00000284485	MIR205	miRNA	1	209432133	209432242	1	MIR205HG	ENSG00000230937	intragenic
ENSG00000264358	MIR3122	miRNA	1	212077613	212077685	1	DTL	ENSG00000143476	intragenic
ENSG00000264500	MIR3124	miRNA	1	248826377	248826443	1		ENSG00000309922	intragenic
ENSG00000264500	MIR3124	miRNA	1	248826377	248826443	1	SH3BP5L	ENSG00000175137	antisense
ENSG00000284005	MIR6084	miRNA	1	20633679	20633788	1	PINK1	ENSG00000158828	intragenic
ENSG00000221680	MIR1278	miRNA	1	193136503	193136583	1		ENSG00000308280	antisense
ENSG00000221680	MIR1278	miRNA	1	193136503	193136583	1	CDC73	ENSG00000134371	intragenic
ENSG00000265831	MIR3123	miRNA	1	241132272	241132346	1	RGS7	ENSG00000182901	antisense
ENSG00000266458	MIR4259	miRNA	1	159899979	159900079	-1	CFAP45	ENSG00000213085	intragenic
ENSG00000266580	MIR4254	miRNA	1	31758660	31758735	-1	ADGRB2	ENSG00000121753	intragenic
ENSG00000284586	MIR92B	miRNA	1	155195177	155195272	1	THBS3-AS1	ENSG00000231064	intragenic
ENSG00000264881		miRNA	1	10227718	10227803	1	KIF1B	ENSG00000054523	intragenic
ENSG00000283799	MIR1182	miRNA	1	231019828	231019924	-1	FAM89A	ENSG00000182118	intragenic
ENSG00000283881	MIR3916	miRNA	1	247201967	247202060	-1	ZNF731P	ENSG00000227671	intragenic
ENSG00000283881	MIR3916	miRNA	1	247201967	247202060	-1		ENSG00000290683	intragenic
ENSG00000277817	MIR6738	miRNA	1	155951273	155951336	-1	ARHGEF2	ENSG00000116584	intragenic
ENSG00000207933	MIR9-1	miRNA	1	156420341	156420429	-1	MIR9-1HG	ENSG00000125462	intragenic
ENSG00000276869	MIR6729	miRNA	1	12029158	12029222	1	MIIP	ENSG00000116691	intragenic
ENSG00000283789	MIR7846	miRNA	1	12166943	12167038	1		ENSG00000301863	antisense
ENSG00000263676	MIR4632	miRNA	1	12191713	12191773	1	TNFRSF1B	ENSG00000028137	intragenic
ENSG00000284035	MIR5187	miRNA	1	161227186	161227261	1	TOMM40L	ENSG00000158882	intragenic
ENSG00000284035	MIR5187	miRNA	1	161227186	161227261	1	APOA2	ENSG00000158874	antisense
ENSG00000283938	MIR3917	miRNA	1	25906362	25906454	-1		ENSG00000294297	antisense
ENSG00000283938	MIR3917	miRNA	1	25906362	25906454	-1	STMN1	ENSG00000117632	intragenic
ENSG00000263381	MIR5584	miRNA	1	44545493	44545552	1		ENSG00000308471	antisense
ENSG00000263381	MIR5584	miRNA	1	44545493	44545552	1	RNF220	ENSG00000187147	intragenic
ENSG00000276835	MIR6127	miRNA	1	22633258	22633366	-1			intergenic
ENSG00000265422	MIR4684	miRNA	1	22719517	22719598	1	EPHB2	ENSG00000133216	intragenic
ENSG00000263811	MIR3675	miRNA	1	16858949	16859021	-1	PDE4DIPP9	ENSG00000230239	antisense
ENSG00000263811	MIR3675	miRNA	1	16858949	16859021	-1	CROCC	ENSG00000058453	antisense
ENSG00000266634	MIR3972	miRNA	1	17277889	17277975	1	PADI3	ENSG00000142619	intragenic
ENSG00000276584	MIR6737	miRNA	1	153962351	153962420	-1		ENSG00000285779	intragenic
ENSG00000276584	MIR6737	miRNA	1	153962351	153962420	-1	SLC39A1	ENSG00000143570	intragenic
ENSG00000263987	MIR5698	miRNA	1	154104521	154104592	-1	NUP210L	ENSG00000143552	intragenic
ENSG00000283701	MIR555	miRNA	1	155346350	155346445	-1	ASH1L	ENSG00000116539	intragenic
ENSG00000274975	MIR6735	miRNA	1	43448539	43448611	1	SZT2-AS1	ENSG00000229372	antisense
ENSG00000274975	MIR6735	miRNA	1	43448539	43448611	1	SZT2	ENSG00000198198	intragenic
ENSG00000221406	MIR320B2	miRNA	1	224257004	224257141	-1	NVL	ENSG00000143748	intragenic
ENSG00000266618	MIR4742	miRNA	1	224398227	224398311	-1	WDR26	ENSG00000162923	intragenic
ENSG00000283933	MIR6878	miRNA	1	150492345	150492410	1	TARS2	ENSG00000143374	intragenic
ENSG00000264553	MIR4257	miRNA	1	150551929	150552014	1	ADAMTSL4-AS2	ENSG00000237781	antisense
ENSG00000264553	MIR4257	miRNA	1	150551929	150552014	1	ADAMTSL4	ENSG00000143382	intragenic
ENSG00000284163	MIR3620	miRNA	1	228097263	228097341	1	ARF1	ENSG00000143761	intragenic
ENSG00000284311	MIR6742	miRNA	1	228397048	228397109	-1	TRIM11	ENSG00000154370	intragenic
ENSG00000266174	MIR4666A	miRNA	1	228462074	228462152	1	H2BC26	ENSG00000196890	intragenic
ENSG00000266174	MIR4666A	miRNA	1	228462074	228462152	1		ENSG00000297366	antisense
ENSG00000284443	MIR197	miRNA	1	109598893	109598967	1	GNAI3	ENSG00000065135	intragenic
ENSG00000283836	MIR6734	miRNA	1	43364648	43364715	-1	ELOVL1	ENSG00000066322	intragenic
ENSG00000265201	MIR4677	miRNA	1	243346176	243346255	1	SDCCAG8	ENSG00000054282	intragenic
ENSG00000265538	MIR4421	miRNA	1	51059837	51059905	1			intergenic
ENSG00000275816	MIR6500	miRNA	1	51060018	51060103	1			intergenic
ENSG00000207750	MIR553	miRNA	1	100281241	100281308	1	RTCA	ENSG00000137996	intragenic
ENSG00000266203	MIR5585	miRNA	1	32086949	32087007	1	TMEM39B	ENSG00000121775	intragenic
ENSG00000221808	MIR1256	miRNA	1	20988314	20988432	-1	EIF4G3	ENSG00000075151	intragenic
ENSG00000284519	MIR6741	miRNA	1	225922080	225922142	-1		ENSG00000255835	intragenic
ENSG00000284519	MIR6741	miRNA	1	225922080	225922142	-1	PYCR2	ENSG00000143811	intragenic
ENSG00000211581	MIR765	miRNA	1	156936131	156936244	-1	ARHGEF11	ENSG00000132694	intragenic
ENSG00000278267	MIR6859-1	miRNA	1	17369	17436	-1	DDX11L16	ENSG00000290825	antisense
ENSG00000278267	MIR6859-1	miRNA	1	17369	17436	-1	WASH7P	ENSG00000227232	intragenic
ENSG00000278267	MIR6859-1	miRNA	1	17369	17436	-1	WASH7P	ENSG00000310526	intragenic
ENSG00000284332	MIR1302-2	miRNA	1	30366	30503	1	MIR1302-2HG	ENSG00000243485	intragenic
ENSG00000284332	MIR1302-2	miRNA	1	30366	30503	1	WASH7P	ENSG00000310526	antisense
ENSG00000207721	MIR186	miRNA	1	71067631	71067716	-1	ZRANB2	ENSG00000132485	intragenic
ENSG00000264720	MIR3117	miRNA	1	66628440	66628517	1	SGIP1	ENSG00000118473	intragenic
ENSG00000283572	MIR4251	miRNA	1	3127975	3128035	1	PRDM16	ENSG00000142611	intragenic
ENSG00000266564	MIR4418	miRNA	1	22266239	22266300	1		ENSG00000294752	intragenic
ENSG00000278465	MIR6769B	miRNA	1	206474803	206474864	1	IKBKE	ENSG00000263528	intragenic
ENSG00000284154	MIR3605	miRNA	1	33332393	33332492	-1		ENSG00000225313	antisense
ENSG00000284154	MIR3605	miRNA	1	33332393	33332492	-1	PHC2	ENSG00000134686	intragenic
ENSG00000263793	MIR3115	miRNA	1	23044305	23044372	1		ENSG00000240553	antisense
ENSG00000263793	MIR3115	miRNA	1	23044305	23044372	1	KDM1A	ENSG00000004487	intragenic
ENSG00000266802		miRNA	1	23057858	23057934	-1		ENSG00000240553	intragenic
ENSG00000266802		miRNA	1	23057858	23057934	-1	KDM1A	ENSG00000004487	antisense
ENSG00000221390	MIR1295A	miRNA	1	171101728	171101806	-1	FMO1-AS1	ENSG00000231424	intragenic
ENSG00000221390	MIR1295A	miRNA	1	171101728	171101806	-1	FMO3	ENSG00000007933	antisense
ENSG00000283598	MIR1295B	miRNA	1	171101739	171101798	1	FMO1-AS1	ENSG00000231424	antisense
ENSG00000283598	MIR1295B	miRNA	1	171101739	171101798	1	FMO3	ENSG00000007933	intragenic
ENSG00000264349	MIR4258	miRNA	1	154975693	154975783	1	CKS1B	ENSG00000173207	intragenic
ENSG00000266417	MIR4424	miRNA	1	178677749	178677834	1			intergenic
ENSG00000264926	MIR378F	miRNA	1	23929070	23929147	1			intergenic
ENSG00000283844	MIR214	miRNA	1	172138798	172138907	-1	DNM3OS	ENSG00000230630	intragenic
ENSG00000283844	MIR214	miRNA	1	172138798	172138907	-1	DNM3	ENSG00000197959	antisense
ENSG00000283152	MIR3120	miRNA	1	172138808	172138888	1	DNM3OS	ENSG00000230630	antisense
ENSG00000283152	MIR3120	miRNA	1	172138808	172138888	1	DNM3	ENSG00000197959	intragenic
ENSG00000208024	MIR199A2	miRNA	1	172144535	172144644	-1	DNM3OS	ENSG00000230630	intragenic
ENSG00000208024	MIR199A2	miRNA	1	172144535	172144644	-1	DNM3	ENSG00000197959	antisense
ENSG00000221203	MIR1262	miRNA	1	68183518	68183610	-1	GNG12-AS1	ENSG00000232284	antisense
ENSG00000221203	MIR1262	miRNA	1	68183518	68183610	-1	WLS	ENSG00000116729	intragenic
ENSG00000264802	MIR5191	miRNA	1	201719508	201719627	1	IPO9-AS1	ENSG00000231871	antisense
ENSG00000264802	MIR5191	miRNA	1	201719508	201719627	1	NAV1	ENSG00000134369	intragenic
ENSG00000221028	MIR1231	miRNA	1	201808611	201808702	1	IPO9-AS1	ENSG00000231871	antisense
ENSG00000221028	MIR1231	miRNA	1	201808611	201808702	1	NAV1	ENSG00000134369	intragenic
ENSG00000277681	MIR6739	miRNA	1	201863373	201863447	1	IPO9	ENSG00000198700	intragenic
ENSG00000278549	MIR6736	miRNA	1	145850587	145850645	-1	PIAS3	ENSG00000131788	intragenic
ENSG00000207590	MIR215	miRNA	1	220117853	220117962	-1	IARS2	ENSG00000067704	antisense
ENSG00000207590	MIR215	miRNA	1	220117853	220117962	-1	BPNT1	ENSG00000162813	intragenic
ENSG00000207624	MIR194-1	miRNA	1	220118157	220118241	-1	IARS2	ENSG00000067704	antisense
ENSG00000207624	MIR194-1	miRNA	1	220118157	220118241	-1	BPNT1	ENSG00000162813	intragenic
ENSG00000281696	MIR664A	miRNA	1	220200538	220200619	-1	RAB3GAP2	ENSG00000118873	intragenic
ENSG00000266262	MIR4428	miRNA	1	237471119	237471191	1	RYR2	ENSG00000198626	intragenic
ENSG00000266150	MIR4711	miRNA	1	59733227	59733296	-1	FGGY	ENSG00000172456	antisense
ENSG00000264014	MIR4253	miRNA	1	22863159	22863226	-1	EPHB2	ENSG00000133216	antisense
ENSG00000265986	MIR4735	miRNA	1	196582413	196582481	-1	KCNT2	ENSG00000162687	intragenic
ENSG00000283876	MIR4260	miRNA	1	209623444	209623510	-1	LAMB3	ENSG00000196878	intragenic
ENSG00000278281	MIR7856	miRNA	1	86357632	86357687	-1	ODF2L	ENSG00000122417	intragenic
ENSG00000263439	MIR4753	miRNA	1	235190034	235190116	-1	ARID4B	ENSG00000054267	intragenic
ENSG00000266110	MIR4423	miRNA	1	85133794	85133873	1			intergenic
ENSG00000266144	MIR4654	miRNA	1	162157107	162157182	1		ENSG00000285636	antisense
ENSG00000266144	MIR4654	miRNA	1	162157107	162157182	1	NOS1AP	ENSG00000198929	intragenic
ENSG00000207729	MIR556	miRNA	1	162342546	162342640	1	NOS1AP	ENSG00000198929	intragenic
ENSG00000215938	MIR190B	miRNA	1	154193665	154193743	-1	TPM3	ENSG00000143549	intragenic
ENSG00000207776	MIR551A	miRNA	1	3560695	3560790	-1	MEGF6	ENSG00000162591	intragenic
ENSG00000222831	MIR1537	miRNA	1	235853000	235853060	-1	LYST	ENSG00000143669	intragenic
ENSG00000276830	MIR6730	miRNA	1	12578957	12579023	-1	DHRS3	ENSG00000162496	intragenic
ENSG00000275836	MIR6068	miRNA	1	63326925	63326984	-1		ENSG00000300378	intragenic
ENSG00000275836	MIR6068	miRNA	1	63326925	63326984	-1	ALG6	ENSG00000088035	antisense
ENSG00000275836	MIR6068	miRNA	1	63326925	63326984	-1	ITGB3BP	ENSG00000142856	intragenic
ENSG00000207975	MIR181B1	miRNA	1	198858873	198858982	-1	MIR181A1HG	ENSG00000229989	intragenic
ENSG00000207759	MIR181A1	miRNA	1	198859044	198859153	-1	MIR181A1HG	ENSG00000229989	intragenic
ENSG00000283795	MIR4426	miRNA	1	192716328	192716390	1	RPS27AP5	ENSG00000231767	intragenic
ENSG00000283795	MIR4426	miRNA	1	192716328	192716390	1	RGS2-AS1	ENSG00000285280	antisense
ENSG00000278073	MIR6726	miRNA	1	1296110	1296170	-1	ACAP3	ENSG00000131584	intragenic
ENSG00000283712	MIR6727	miRNA	1	1312502	1312566	-1	INTS11	ENSG00000127054	intragenic
ENSG00000284372	MIR6808	miRNA	1	1339650	1339708	-1	DVL1	ENSG00000107404	intragenic
ENSG00000265521	MIR5697	miRNA	1	9967381	9967458	1	NMNAT1	ENSG00000173614	intragenic
ENSG00000265996	MIR3671	miRNA	1	65057755	65057842	-1	JAK1	ENSG00000162434	intragenic
ENSG00000199135	MIR101-1	miRNA	1	65058434	65058508	-1	JAK1	ENSG00000162434	intragenic
ENSG00000199059	MIR135B	miRNA	1	205448302	205448398	-1	LEMD1	ENSG00000186007	intragenic
ENSG00000199059	MIR135B	miRNA	1	205448302	205448398	-1	BLACAT1	ENSG00000281406	intragenic
ENSG00000264483	MIR5008	miRNA	1	227941590	227941683	-1	WNT9A	ENSG00000143816	intragenic
ENSG00000221662	MIR1290	miRNA	1	18897071	18897148	-1	ALDH4A1	ENSG00000159423	intragenic
ENSG00000207606	MIR554	miRNA	1	151545796	151545891	1		ENSG00000232536	intragenic
ENSG00000207606	MIR554	miRNA	1	151545796	151545891	1	TUFT1	ENSG00000143367	intragenic
ENSG00000238705	MIR1976	miRNA	1	26554542	26554593	1	RPS6KA1	ENSG00000117676	intragenic
ENSG00000274940	MIR8083	miRNA	1	153689705	153689793	-1	NPR1	ENSG00000169418	antisense
ENSG00000278791		miRNA	1	632325	632413	-1	MTCO1P12	ENSG00000237973	antisense
ENSG00000278791		miRNA	1	632325	632413	-1		ENSG00000293331	intragenic
ENSG00000278791		miRNA	1	632325	632413	-1	LINC00115	ENSG00000225880	intragenic
ENSG00000265822	MIR4422	miRNA	1	55225641	55225723	1	MIR4422HG	ENSG00000231090	intragenic
ENSG00000274258	MIR6728	miRNA	1	8866502	8866590	-1	ENO1	ENSG00000074800	intragenic
ENSG00000283676	MIR5087	miRNA	1	148334479	148334554	-1	LINC01138	ENSG00000274020	intragenic
ENSG00000283676	MIR5087	miRNA	1	148334479	148334554	-1	LINC02806	ENSG00000238107	antisense
ENSG00000278596	MIR6077	miRNA	1	148388282	148388363	1	LINC01138	ENSG00000274020	antisense
ENSG00000265392	MIR4252	miRNA	1	6429834	6429896	-1	ESPN	ENSG00000187017	antisense
ENSG00000278034	MIR6731	miRNA	1	24919345	24919416	-1	RUNX3	ENSG00000020633	intragenic
ENSG00000264371	MIR4425	miRNA	1	25023503	25023586	1			intergenic
ENSG00000207730	MIR200B	miRNA	1	1167104	1167198	1			intergenic
ENSG00000207607	MIR200A	miRNA	1	1167863	1167952	1			intergenic
ENSG00000198976	MIR429	miRNA	1	1169005	1169087	1			intergenic
ENSG00000264470	MIR4794	miRNA	1	64579847	64579923	1	CACHD1	ENSG00000158966	intragenic
ENSG00000264834		miRNA	1	52928674	52928772	1	SCP2	ENSG00000116171	intragenic
ENSG00000266188		miRNA	1	52934930	52935017	1	SCP2	ENSG00000116171	intragenic
ENSG00000265815		miRNA	1	52940314	52940413	1	SCP2	ENSG00000116171	intragenic
ENSG00000215952	MIR921	miRNA	1	166154743	166154798	-1		ENSG00000230898	intragenic
ENSG00000215952	MIR921	miRNA	1	166154743	166154798	-1	FAM78B	ENSG00000188859	intragenic
ENSG00000275207	MIR6740	miRNA	1	202003124	202003236	1	ELF3-AS1	ENSG00000234678	antisense
ENSG00000275207	MIR6740	miRNA	1	202003124	202003236	1	RNPEP	ENSG00000176393	intragenic
ENSG00000284214	MIR29C	miRNA	1	207801852	207801939	-1	MIR29B2CHG	ENSG00000203709	intragenic
ENSG00000284203	MIR29B2	miRNA	1	207802443	207802523	-1	MIR29B2CHG	ENSG00000203709	intragenic
ENSG00000283749	MIR4781	miRNA	1	54054079	54054154	1	TCEANC2	ENSG00000116205	intragenic
ENSG00000283899	MIR761	miRNA	1	51836344	51836402	-1	NRDC	ENSG00000078618	intragenic
ENSG00000284247	MIR2682	miRNA	1	98045242	98045351	-1	MIR137HG	ENSG00000225206	intragenic
ENSG00000284202	MIR137	miRNA	1	98046070	98046171	-1	MIR137HG	ENSG00000225206	intragenic
ENSG00000207974	MIR557	miRNA	1	168375524	168375621	1		ENSG00000293102	intragenic
ENSG00000207974	MIR557	miRNA	1	168375524	168375621	1		ENSG00000228697	antisense
ENSG00000207974	MIR557	miRNA	1	168375524	168375621	1		ENSG00000307038	intragenic
ENSG00000265606	MIR4695	miRNA	1	18883202	18883275	-1	ALDH4A1	ENSG00000159423	intragenic
ENSG00000263908	MIR3116-1	miRNA	1	62078786	62078859	1	PATJ	ENSG00000132849	intragenic
ENSG00000283690	MIR3116-2	miRNA	1	62078789	62078856	-1	PATJ	ENSG00000132849	antisense
ENSG00000283936	MIR3658	miRNA	1	165907921	165907976	1	UCK2	ENSG00000143179	intragenic
ENSG00000265596	MIR3659	miRNA	1	38089231	38089329	1		ENSG00000303176	antisense
ENSG00000265596	MIR3659	miRNA	1	38089231	38089329	1	MIR3659HG	ENSG00000224592	intragenic
ENSG00000273874	MIR6859-2	miRNA	1	187891	187958	-1	WASH9P	ENSG00000279457	intragenic
ENSG00000273874	MIR6859-2	miRNA	1	187891	187958	-1	WASH9P	ENSG00000310527	intragenic
ENSG00000273874	MIR6859-2	miRNA	1	187891	187958	-1		ENSG00000310528	intragenic
ENSG00000202609	MIR488	miRNA	1	177029363	177029445	-1	ASTN1	ENSG00000152092	intragenic
ENSG00000265435	MIR3121	miRNA	1	180438314	180438390	-1	ACBD6	ENSG00000230124	intragenic
ENSG00000265744	MIR4427	miRNA	1	233624152	233624219	1	KCNK1	ENSG00000135750	intragenic
ENSG00000264419	MIR548AC	miRNA	1	116560024	116560111	-1		ENSG00000298543	antisense
ENSG00000264419	MIR548AC	miRNA	1	116560024	116560111	-1	CD58	ENSG00000116815	intragenic
ENSG00000211543	MIR320B1	miRNA	1	116671749	116671827	1			intergenic
ENSG00000264773	MIR4420	miRNA	1	30739156	30739232	-1	LAPTM5	ENSG00000162511	intragenic
ENSG00000274809	MIR6078	miRNA	10	3991160	3991259	1		ENSG00000304847	antisense
ENSG00000278069	MIR6072	miRNA	10	2076019	2076089	-1		ENSG00000226694	antisense
ENSG00000278069	MIR6072	miRNA	10	2076019	2076089	-1		ENSG00000303635	intragenic
ENSG00000207938	MIR511	miRNA	10	17845107	17845193	1	MRC1	ENSG00000260314	intragenic
ENSG00000263584	MIR4480	miRNA	10	12578753	12578823	1	CAMK1D	ENSG00000183049	intragenic
ENSG00000283699	MIR4481	miRNA	10	12653138	12653197	-1	CAMK1D	ENSG00000183049	antisense
ENSG00000221331	MIR548Q	miRNA	10	12725254	12725353	-1	CAMK1D	ENSG00000183049	antisense
ENSG00000264574		miRNA	10	23393405	23393467	1			intergenic
ENSG00000207612	MIR604	miRNA	10	29545004	29545097	-1	SVIL-AS1	ENSG00000291093	antisense
ENSG00000207612	MIR604	miRNA	10	29545004	29545097	-1	SVIL	ENSG00000197321	intragenic
ENSG00000216035	MIR938	miRNA	10	29602264	29602346	-1	SVIL	ENSG00000197321	intragenic
ENSG00000207813	MIR605	miRNA	10	51299573	51299655	1	PRKG1	ENSG00000185532	intragenic
ENSG00000264747	MIR3924	miRNA	10	57304479	57304559	-1			intergenic
ENSG00000221063	MIR1296	miRNA	10	63372957	63373048	-1	JMJD1C	ENSG00000171988	intragenic
ENSG00000266719	MIR4676	miRNA	10	72721029	72721100	1	MCU	ENSG00000156026	intragenic
ENSG00000199104	MIR346	miRNA	10	86264694	86264788	-1	GRID1	ENSG00000182771	intragenic
ENSG00000283672	MIR4678	miRNA	10	87503881	87503954	1		ENSG00000286445	antisense
ENSG00000266852	MIR4482	miRNA	10	104268336	104268405	-1		ENSG00000302058	intragenic
ENSG00000263436	MIR3158-1	miRNA	10	101601417	101601497	1	DPCD	ENSG00000166171	intragenic
ENSG00000283558	MIR3158-2	miRNA	10	101601417	101601497	-1	DPCD	ENSG00000166171	antisense
ENSG00000208033	MIR609	miRNA	10	104218789	104218883	-1	CFAP43	ENSG00000197748	intragenic
ENSG00000264803	MIR378C	miRNA	10	130962588	130962668	-1		ENSG00000300141	antisense
ENSG00000265442	MIR3941	miRNA	10	122416965	122417067	1	PLEKHA1	ENSG00000107679	intragenic
ENSG00000202569	MIR146B	miRNA	10	102436512	102436584	1	C10orf95-AS1	ENSG00000269609	intragenic
ENSG00000266676	MIR4297	miRNA	10	129843299	129843374	-1	EBF3	ENSG00000108001	intragenic
ENSG00000265372	MIR4675	miRNA	10	20551970	20552046	1		ENSG00000302338	intragenic
ENSG00000222071	MIR1915	miRNA	10	21496562	21496641	-1	MIR1915HG	ENSG00000204682	intragenic
ENSG00000207976	MIR607	miRNA	10	96828669	96828764	-1			intergenic
ENSG00000283867	MIR1307	miRNA	10	103394253	103394401	-1	ATP5MK	ENSG00000173915	intragenic
ENSG00000284277	MIR7162	miRNA	10	30368597	30368665	-1	GOLGA2P6	ENSG00000241621	intragenic
ENSG00000284277	MIR7162	miRNA	10	30368597	30368665	-1	MTPAP	ENSG00000107951	intragenic
ENSG00000221594	MIR548F1	miRNA	10	54607874	54607957	-1		ENSG00000234173	antisense
ENSG00000221594	MIR548F1	miRNA	10	54607874	54607957	-1	PCDH15	ENSG00000150275	intragenic
ENSG00000274824	MIR7152	miRNA	10	71790747	71790800	1	CDH23	ENSG00000107736	intragenic
ENSG00000284415	MIR1287	miRNA	10	98395218	98395307	-1	PYROXD2	ENSG00000119943	intragenic
ENSG00000264610	MIR4685	miRNA	10	98431292	98431360	-1		ENSG00000289758	intragenic
ENSG00000264610	MIR4685	miRNA	10	98431292	98431360	-1	HPS1	ENSG00000107521	intragenic
ENSG00000265370	MIR4682	miRNA	10	119958513	119958592	1			intergenic
ENSG00000207551	MIR608	miRNA	10	100974985	100975084	1	MRPL43	ENSG00000055950	antisense
ENSG00000207551	MIR608	miRNA	10	100974985	100975084	1	SEMA4G	ENSG00000095539	intragenic
ENSG00000275036	MIR8086	miRNA	10	28289258	28289350	-1	MPP7	ENSG00000150054	intragenic
ENSG00000284219	MIR202	miRNA	10	133247511	133247620	-1	MIR202HG	ENSG00000166917	intragenic
ENSG00000265395	MIR3944	miRNA	10	133371556	133371663	-1	ECHS1	ENSG00000127884	intragenic
ENSG00000283688	MIR6715B	miRNA	10	112299612	112299688	-1		ENSG00000288938	intragenic
ENSG00000283688	MIR6715B	miRNA	10	112299612	112299688	-1	TECTB	ENSG00000119913	antisense
ENSG00000276857	MIR6715A	miRNA	10	112299612	112299690	1		ENSG00000288938	antisense
ENSG00000276857	MIR6715A	miRNA	10	112299612	112299690	1	TECTB	ENSG00000119913	intragenic
ENSG00000198997	MIR107	miRNA	10	89592747	89592827	-1	PANK1	ENSG00000152782	intragenic
ENSG00000263795	MIR5100	miRNA	10	42997563	42997681	1	LINC01264	ENSG00000229630	antisense
ENSG00000263511	MIR5699	miRNA	10	641689	641778	-1	DIP2C	ENSG00000151240	intragenic
ENSG00000276866	MIR7151	miRNA	10	67403351	67403410	-1	CTNNA3	ENSG00000183230	intragenic
ENSG00000266407	MIR3157	miRNA	10	96064315	96064399	-1	ENTPD1-AS1	ENSG00000226688	intragenic
ENSG00000284482	MIR4680	miRNA	10	110898090	110898155	1	PDCD4	ENSG00000150593	intragenic
ENSG00000221214	MIR548E	miRNA	10	110988926	110989013	1	SHOC2	ENSG00000108061	intragenic
ENSG00000266228	MIR3611	miRNA	10	35079598	35079680	-1	CUL2	ENSG00000108094	intragenic
ENSG00000265375	MIR4679-2	miRNA	10	89063335	89063411	-1			intergenic
ENSG00000283664	MIR4679-1	miRNA	10	89063336	89063410	1			intergenic
ENSG00000284442	MIR2110	miRNA	10	114174105	114174179	-1	CCDC186	ENSG00000165813	intragenic
ENSG00000283656	MIR4483	miRNA	10	113777993	113778054	-1	PLEKHS1	ENSG00000148735	antisense
ENSG00000207930	MIR603	miRNA	10	24275685	24275781	1	KIAA1217	ENSG00000120549	intragenic
ENSG00000263628	MIR3155A	miRNA	10	6152196	6152277	1	PFKFB3	ENSG00000170525	intragenic
ENSG00000283634	MIR3155B	miRNA	10	6152207	6152262	-1	PFKFB3	ENSG00000170525	antisense
ENSG00000283788	MIR936	miRNA	10	104048089	104048186	-1	COL17A1	ENSG00000065618	intragenic
ENSG00000264800	MIR4294	miRNA	10	48985512	48985587	-1		ENSG00000233665	intragenic
ENSG00000264800	MIR4294	miRNA	10	48985512	48985587	-1		ENSG00000226576	antisense
ENSG00000266321	MIR4293	miRNA	10	14383200	14383277	-1	FRMD4A	ENSG00000151474	intragenic
ENSG00000221371	MIR1265	miRNA	10	14436576	14436661	1	FRMD4A	ENSG00000151474	antisense
ENSG00000264763	MIR4295	miRNA	10	112634170	112634254	1	VTI1A	ENSG00000151532	intragenic
ENSG00000264572	MIR4296	miRNA	10	125032783	125032870	-1	CTBP2	ENSG00000175029	intragenic
ENSG00000274056	MIR6507	miRNA	10	98924499	98924568	-1	HPSE2	ENSG00000172987	intragenic
ENSG00000207583	MIR606	miRNA	10	75552458	75552553	1	LRMDA	ENSG00000148655	intragenic
ENSG00000265653	MIR548AK	miRNA	10	12130760	12130816	-1	SEC61A2	ENSG00000065665	antisense
ENSG00000221184		miRNA	10	68759318	68759414	1	CCAR1	ENSG00000060339	intragenic
ENSG00000265719	MIR4681	miRNA	10	119377972	119378043	1		ENSG00000298129	antisense
ENSG00000265719	MIR4681	miRNA	10	119377972	119378043	1	GRK5	ENSG00000198873	intragenic
ENSG00000284265	MIR4683	miRNA	10	35641172	35641252	-1	FZD8	ENSG00000177283	intragenic
ENSG00000284265	MIR4683	miRNA	10	35641172	35641252	-1		ENSG00000287528	antisense
ENSG00000263476	MIR3156-1	miRNA	10	45164014	45164088	1	ZNF22-AS1	ENSG00000165511	antisense
ENSG00000263476	MIR3156-1	miRNA	10	45164014	45164088	1	ANKRD30BP3	ENSG00000230501	intragenic
ENSG00000263476	MIR3156-1	miRNA	10	45164014	45164088	1		ENSG00000243349	intragenic
ENSG00000266782	MIR3663	miRNA	10	117167678	117167774	-1	MIR3663HG	ENSG00000234474	intragenic
ENSG00000265092	MIR4484	miRNA	10	125819740	125819822	1	UROS	ENSG00000188690	antisense
ENSG00000275669	MIR6744	miRNA	11	1256605	1256670	1	MUC5B	ENSG00000117983	intragenic
ENSG00000266645	MIR4299	miRNA	11	11656651	11656722	-1			intergenic
ENSG00000278529	MIR8070	miRNA	11	11783135	11783222	-1		ENSG00000286959	intragenic
ENSG00000221703	MIR302E	miRNA	11	7234766	7234837	1			intergenic
ENSG00000265210	MIR4486	miRNA	11	19575310	19575372	1	NAV2	ENSG00000166833	intragenic
ENSG00000264309	MIR4694	miRNA	11	19760004	19760083	-1	NAV2	ENSG00000166833	antisense
ENSG00000275868	MIR8054	miRNA	11	23419105	23419190	-1			intergenic
ENSG00000263389	MIR3973	miRNA	11	36010098	36010204	1	LDLRAD3	ENSG00000179241	intragenic
ENSG00000273912	MIR8068	miRNA	11	28477481	28477548	-1	METTL15	ENSG00000169519	antisense
ENSG00000283326	MIR6860	miRNA	11	67045643	67045708	1	SYT12	ENSG00000173227	intragenic
ENSG00000211997	MIR708	miRNA	11	79402022	79402109	-1	TENM4	ENSG00000149256	intragenic
ENSG00000266570	MIR5579	miRNA	11	79422169	79422226	-1	TENM4	ENSG00000149256	intragenic
ENSG00000266570	MIR5579	miRNA	11	79422169	79422226	-1		ENSG00000310212	antisense
ENSG00000264110	MIR4300	miRNA	11	81890741	81890836	-1	MIR4300HG	ENSG00000245832	intragenic
ENSG00000280773		miRNA	11	104252591	104252651	1			intergenic
ENSG00000264200	MIR4693	miRNA	11	103849906	103849980	1	PDGFDDN	ENSG00000254987	antisense
ENSG00000266703	MIR4490	miRNA	11	90555774	90555857	-1	DISC1FP1	ENSG00000261645	antisense
ENSG00000221586	MIR1261	miRNA	11	90869121	90869202	-1	DISC1FP1	ENSG00000261645	antisense
ENSG00000265357	MIR4493	miRNA	11	123381440	123381512	-1	GRAMD1B	ENSG00000023171	antisense
ENSG00000274999	MIR8052	miRNA	11	130666735	130666803	1	LINC02873	ENSG00000175728	intragenic
ENSG00000199090	MIR326	miRNA	11	75335092	75335186	-1	ARRB1	ENSG00000137486	intragenic
ENSG00000278359	MIR7155	miRNA	11	64341849	64341904	-1	CCDC88B	ENSG00000168071	antisense
ENSG00000221273	MIR1237	miRNA	11	64368602	64368703	1	RPS6KA4	ENSG00000162302	intragenic
ENSG00000283926	MIR192	miRNA	11	64891137	64891246	-1	MIR194-2HG	ENSG00000229719	intragenic
ENSG00000284155	MIR194-2	miRNA	11	64891355	64891439	-1	MIR194-2HG	ENSG00000229719	intragenic
ENSG00000274986	MIR6750	miRNA	11	64898363	64898437	-1	ATG2A	ENSG00000110046	intragenic
ENSG00000274314	MIR6749	miRNA	11	64902387	64902455	-1	ATG2A	ENSG00000110046	intragenic
ENSG00000278851	MIR6879	miRNA	11	65018505	65018570	1	ARL2-SNX15	ENSG00000273003	intragenic
ENSG00000278851	MIR6879	miRNA	11	65018505	65018570	1	ARL2	ENSG00000213465	intragenic
ENSG00000264493	MIR4298	miRNA	11	1859464	1859536	-1	LSP1	ENSG00000130592	antisense
ENSG00000284594	MIR7847	miRNA	11	1880045	1880147	1	LSP1	ENSG00000130592	intragenic
ENSG00000284010	MIR675	miRNA	11	1996759	1996831	-1	H19	ENSG00000130600	intragenic
ENSG00000284010	MIR675	miRNA	11	1996759	1996831	-1	MRPL23	ENSG00000214026	antisense
ENSG00000251862	MIR1343	miRNA	11	34941837	34941920	1	PDHX	ENSG00000110435	intragenic
ENSG00000263742	MIR3165	miRNA	11	72072228	72072302	-1	NUMA1	ENSG00000137497	intragenic
ENSG00000283813	MIR4485	miRNA	11	10508270	10508326	-1			intergenic
ENSG00000276639	MIR7154	miRNA	11	45691704	45691776	-1			intergenic
ENSG00000264102	MIR4688	miRNA	11	46376402	46376484	1	DGKZ	ENSG00000149091	intragenic
ENSG00000284108	MIR611	miRNA	11	61792495	61792561	-1	TMEM258	ENSG00000134825	intragenic
ENSG00000284416	MIR1908	miRNA	11	61815161	61815240	-1	FADS2	ENSG00000134824	antisense
ENSG00000284416	MIR1908	miRNA	11	61815161	61815240	-1	FADS1	ENSG00000149485	intragenic
ENSG00000277892	MIR6746	miRNA	11	61878216	61878278	-1	FADS3	ENSG00000221968	intragenic
ENSG00000275373	MIR6124	miRNA	11	12163683	12163767	1	MICAL2	ENSG00000133816	intragenic
ENSG00000283744	MIR6755	miRNA	11	86278333	86278398	1	EED	ENSG00000074266	intragenic
ENSG00000274770	MIR6128	miRNA	11	56743873	56743981	1	OR9G4	ENSG00000172457	antisense
ENSG00000199038	MIR210	miRNA	11	568089	568198	-1	MIR210HG	ENSG00000247095	intragenic
ENSG00000208009	MIR130A	miRNA	11	57641198	57641286	1	MIR130AHG	ENSG00000254602	intragenic
ENSG00000208009	MIR130A	miRNA	11	57641198	57641286	1	CLP1	ENSG00000172409	intragenic
ENSG00000284535	MIR6748	miRNA	11	62789815	62789885	1	TMEM223	ENSG00000168569	antisense
ENSG00000284535	MIR6748	miRNA	11	62789815	62789885	1	TMEM179B	ENSG00000185475	intragenic
ENSG00000274066	MIR6514	miRNA	11	62792702	62792771	-1	NXF1	ENSG00000162231	intragenic
ENSG00000266581	MIR3166	miRNA	11	88176502	88176593	1			intergenic
ENSG00000264583	MIR4487	miRNA	11	47400970	47401042	1	SLC39A13-AS1	ENSG00000255197	antisense
ENSG00000264583	MIR4487	miRNA	11	47400970	47401042	1	SPI1	ENSG00000066336	antisense
ENSG00000264402	MIR548AL	miRNA	11	74399237	74399333	1		ENSG00000254631	intragenic
ENSG00000264402	MIR548AL	miRNA	11	74399237	74399333	1		ENSG00000255440	intragenic
ENSG00000275344	MIR6503	miRNA	11	60209071	60209156	-1	MS4A4A	ENSG00000110079	antisense
ENSG00000275344	MIR6503	miRNA	11	60209071	60209156	-1	MS4A4E	ENSG00000214787	intragenic
ENSG00000284525	MIR4687	miRNA	11	3856062	3856141	1	STIM1	ENSG00000167323	intragenic
ENSG00000263744	MIR3664	miRNA	11	70872270	70872368	-1	SHANK2	ENSG00000162105	intragenic
ENSG00000283920	MIR6743	miRNA	11	209336	209406	1	RIC8A	ENSG00000177963	intragenic
ENSG00000266192	MIR1260B	miRNA	11	96341438	96341526	1	MAML2	ENSG00000184384	antisense
ENSG00000264984	MIR5691	miRNA	11	9090312	9090379	-1		ENSG00000286935	antisense
ENSG00000264984	MIR5691	miRNA	11	9090312	9090379	-1	SCUBE2	ENSG00000175356	intragenic
ENSG00000276102	MIR6747	miRNA	11	62567011	62567071	-1		ENSG00000255508	intragenic
ENSG00000276102	MIR6747	miRNA	11	62567011	62567071	-1	EEF1G	ENSG00000254772	intragenic
ENSG00000283704		miRNA	11	119018944	119019012	1	TRAPPC4	ENSG00000196655	intragenic
ENSG00000284148	MIR6756	miRNA	11	119312950	119313012	-1	MCAM	ENSG00000076706	intragenic
ENSG00000284148	MIR6756	miRNA	11	119312950	119313012	-1	CBL	ENSG00000110395	antisense
ENSG00000276769	MIR6752	miRNA	11	67490245	67490315	1	AIP	ENSG00000110711	intragenic
ENSG00000278349	MIR6754	miRNA	11	71473503	71473568	1	NADSYN1	ENSG00000172890	intragenic
ENSG00000266215	MIR3167	miRNA	11	126988458	126988542	-1	KIRREL3	ENSG00000149571	intragenic
ENSG00000284246	MIR6716	miRNA	11	118644000	118644079	1	PHLDB1	ENSG00000019144	intragenic
ENSG00000283791	MIR612	miRNA	11	65444458	65444557	1	NEAT1	ENSG00000245532	intragenic
ENSG00000266041	MIR4690	miRNA	11	65636310	65636369	1	PCNX3	ENSG00000197136	intragenic
ENSG00000265874	MIR4489	miRNA	11	65649192	65649253	1	SIPA1	ENSG00000213445	intragenic
ENSG00000221333	MIR548K	miRNA	11	70283955	70284070	1		ENSG00000254604	antisense
ENSG00000221333	MIR548K	miRNA	11	70283955	70284070	1	PPFIA1	ENSG00000131626	intragenic
ENSG00000264603	MIR3159	miRNA	11	18387787	18387860	1			intergenic
ENSG00000264032	MIR4491	miRNA	11	111347757	111347824	1			intergenic
ENSG00000207811	MIR34B	miRNA	11	111512938	111513021	1	MIR34BHG	ENSG00000286028	intragenic
ENSG00000207811	MIR34B	miRNA	11	111512938	111513021	1	BTG4	ENSG00000137707	antisense
ENSG00000207562	MIR34C	miRNA	11	111513439	111513515	1	MIR34BHG	ENSG00000286028	intragenic
ENSG00000207562	MIR34C	miRNA	11	111513439	111513515	1	BTG4	ENSG00000137707	antisense
ENSG00000264211	MIR4492	miRNA	11	118910708	118910787	1	BCL9L	ENSG00000186174	antisense
ENSG00000207805	MIR483	miRNA	11	2134134	2134209	-1	INS-IGF2	ENSG00000129965	intragenic
ENSG00000207805	MIR483	miRNA	11	2134134	2134209	-1	IGF2	ENSG00000167244	intragenic
ENSG00000207805	MIR483	miRNA	11	2134134	2134209	-1		ENSG00000284779	intragenic
ENSG00000265258	MIR4686	miRNA	11	2173063	2173138	1		ENSG00000295384	intragenic
ENSG00000265258	MIR4686	miRNA	11	2173063	2173138	1		ENSG00000295395	antisense
ENSG00000284489	MIR6751	miRNA	11	65129916	65129978	-1	SYVN1	ENSG00000162298	intragenic
ENSG00000266423	MIR3163	miRNA	11	66934434	66934506	-1	PC	ENSG00000173599	intragenic
ENSG00000284293	MIR7113	miRNA	11	68032864	68032922	1	NDUFS8	ENSG00000110717	intragenic
ENSG00000284435	MIR4691	miRNA	11	68033897	68033981	1	NDUFS8	ENSG00000110717	intragenic
ENSG00000275022	MIR6753	miRNA	11	68044794	68044957	1	TCIRG1	ENSG00000110719	intragenic
ENSG00000221230	MIR548L	miRNA	11	94466495	94466580	-1	MRE11	ENSG00000020922	intragenic
ENSG00000263693	MIR3161	miRNA	11	48096782	48096858	1	PTPRJ	ENSG00000149177	intragenic
ENSG00000275208	MIR6745	miRNA	11	47179611	47179737	-1	PACSIN3	ENSG00000165912	intragenic
ENSG00000199077	MIR129-2	miRNA	11	43581394	43581483	1	MIR670HG	ENSG00000235661	intragenic
ENSG00000199077	MIR129-2	miRNA	11	43581394	43581483	1		ENSG00000283341	intragenic
ENSG00000211568	MIR670	miRNA	11	43559656	43559753	1	MIR670HG	ENSG00000235661	intragenic
ENSG00000207971	MIR125B1	miRNA	11	122099757	122099844	-1	MIR100HG	ENSG00000255248	intragenic
ENSG00000198975	MIRLET7A2	miRNA	11	122146522	122146593	-1	MIR100HG	ENSG00000255248	intragenic
ENSG00000207994	MIR100	miRNA	11	122152229	122152308	-1	MIR100HG	ENSG00000255248	intragenic
ENSG00000265902	MIR4696	miRNA	11	74720268	74720337	-1	CHRDL2	ENSG00000054938	intragenic
ENSG00000276176	MIR6090	miRNA	11	128522390	128522449	1	ETS1	ENSG00000134954	antisense
ENSG00000265014	MIR3160-1	miRNA	11	46451805	46451889	-1	AMBRA1	ENSG00000110497	intragenic
ENSG00000283497	MIR3160-2	miRNA	11	46451807	46451887	1	AMBRA1	ENSG00000110497	antisense
ENSG00000263540	MIR5582	miRNA	11	46753125	46753192	-1	F2	ENSG00000180210	antisense
ENSG00000263540	MIR5582	miRNA	11	46753125	46753192	-1	CKAP5	ENSG00000175216	intragenic
ENSG00000265539	MIR3164	miRNA	11	69083176	69083258	1		ENSG00000287725	intragenic
ENSG00000265539	MIR3164	miRNA	11	69083176	69083258	1	TPCN2	ENSG00000162341	intragenic
ENSG00000265140	MIR4301	miRNA	11	113450023	113450088	-1	DRD2	ENSG00000149295	intragenic
ENSG00000266006	MIR4488	miRNA	11	61508596	61508657	1			intergenic
ENSG00000263885	MIR3920	miRNA	11	101519820	101519905	-1	TRPC6	ENSG00000137672	intragenic
ENSG00000278483	MIR8087	miRNA	11	27514970	27515047	-1	BDNF-AS	ENSG00000245573	antisense
ENSG00000207874	MIR610	miRNA	11	28056815	28056910	1	KIF18A	ENSG00000121621	antisense
ENSG00000284094	MIR6073	miRNA	11	15969533	15969621	-1	SOX6	ENSG00000110693	intragenic
ENSG00000264559	MIR3162	miRNA	11	59595077	59595158	-1		ENSG00000255139	antisense
ENSG00000264559	MIR3162	miRNA	11	59595077	59595158	-1	OSBP	ENSG00000110048	intragenic
ENSG00000272036	MIR139	miRNA	11	72615063	72615130	-1	PDE2A	ENSG00000186642	intragenic
ENSG00000265064	MIR4692	miRNA	11	72783530	72783592	1	STARD10	ENSG00000214530	antisense
ENSG00000265064	MIR4692	miRNA	11	72783530	72783592	1	ARAP1	ENSG00000186635	antisense
ENSG00000284458	MIR1304	miRNA	11	93733674	93733764	-1	TAF1D	ENSG00000166012	intragenic
ENSG00000284020	MIR4697	miRNA	11	133898504	133898581	-1	IGSF9B	ENSG00000080854	intragenic
ENSG00000283475	MIR1244-4	miRNA	12	12111952	12112036	1	BCL2L14	ENSG00000121380	intragenic
ENSG00000283665	MIR3974	miRNA	12	17673299	17673394	1		ENSG00000256389	intragenic
ENSG00000284360	MIR6125	miRNA	12	62260359	62260454	1	TAFA2	ENSG00000198673	antisense
ENSG00000284360	MIR6125	miRNA	12	62260359	62260454	1	USP15	ENSG00000135655	intragenic
ENSG00000278108	MIR6757	miRNA	12	53056944	53057012	1	TNS2	ENSG00000111077	intragenic
ENSG00000207763	MIR617	miRNA	12	80832533	80832629	-1		ENSG00000300781	antisense
ENSG00000207763	MIR617	miRNA	12	80832533	80832629	-1	LIN7A	ENSG00000111052	intragenic
ENSG00000208022	MIR618	miRNA	12	80935736	80935833	-1	LIN7A	ENSG00000111052	intragenic
ENSG00000265227	MIR4699	miRNA	12	81158388	81158461	1	ACSS3	ENSG00000111058	intragenic
ENSG00000199172	MIR331	miRNA	12	95308420	95308513	1			intergenic
ENSG00000266099	MIR5700	miRNA	12	94561789	94561859	1		ENSG00000298879	intragenic
ENSG00000265861	MIR4495	miRNA	12	97939056	97939121	-1			intergenic
ENSG00000265917	MIR3685	miRNA	12	95309923	95309984	1			intergenic
ENSG00000283818	MIR7844	miRNA	12	94571231	94571352	-1	TMCC3	ENSG00000057704	intragenic
ENSG00000283476	MIR1279	miRNA	12	69273157	69273218	-1	CPSF6	ENSG00000111605	antisense
ENSG00000263890	MIR4303	miRNA	12	97995383	97995448	-1			intergenic
ENSG00000264037	MIR4472-2	miRNA	12	116428252	116428318	-1			intergenic
ENSG00000283507	MIR1302-1	miRNA	12	112695034	112695176	-1	RPH3A	ENSG00000089169	antisense
ENSG00000207967	MIR620	miRNA	12	116148560	116148654	-1	MED13L	ENSG00000123066	intragenic
ENSG00000265635	MIR3612	miRNA	12	128294092	128294178	1	TMEM132C	ENSG00000181234	intragenic
ENSG00000264295	MIR3922	miRNA	12	104591633	104591716	1	CHST11	ENSG00000171310	intragenic
ENSG00000265061		miRNA	12	128244506	128244573	1			intergenic
ENSG00000266043	MIR3649	miRNA	12	1660315	1660380	-1		ENSG00000289832	intragenic
ENSG00000283429	MIR1244-3	miRNA	12	9239467	9239551	-1	A2MP1	ENSG00000256069	intragenic
ENSG00000283429	MIR1244-3	miRNA	12	9239467	9239551	-1	LINC00987	ENSG00000237248	antisense
ENSG00000283429	MIR1244-3	miRNA	12	9239467	9239551	-1		ENSG00000309182	intragenic
ENSG00000284152	MIR6758	miRNA	12	57512688	57512750	1	MARS1	ENSG00000166986	intragenic
ENSG00000208028	MIR616	miRNA	12	57519163	57519259	-1		ENSG00000285133	intragenic
ENSG00000208028	MIR616	miRNA	12	57519163	57519259	-1	DDIT3	ENSG00000175197	intragenic
ENSG00000283621	MIR6759	miRNA	12	57748618	57748682	-1	TSPAN31	ENSG00000135452	antisense
ENSG00000283621	MIR6759	miRNA	12	57748618	57748682	-1	CDK4	ENSG00000135446	intragenic
ENSG00000263510	MIR4497	miRNA	12	109833348	109833436	1	TRPV4	ENSG00000111199	antisense
ENSG00000199179	MIRLET7I	miRNA	12	62603686	62603769	1	MIRLET7IHG	ENSG00000257354	intragenic
ENSG00000199179	MIRLET7I	miRNA	12	62603686	62603769	1		ENSG00000275180	intragenic
ENSG00000199179	MIRLET7I	miRNA	12	62603686	62603769	1	PPM1H	ENSG00000111110	antisense
ENSG00000207713	MIR200C	miRNA	12	6963699	6963766	1	MIR200CHG	ENSG00000257084	intragenic
ENSG00000207708	MIR141	miRNA	12	6964097	6964191	1	MIR200CHG	ENSG00000257084	intragenic
ENSG00000275770	MIR6505	miRNA	12	48132797	48132867	1	PFKM	ENSG00000152556	intragenic
ENSG00000266655	MIR3908	miRNA	12	123536409	123536534	1			intergenic
ENSG00000276878	MIR6074	miRNA	12	66023620	66023726	-1			intergenic
ENSG00000284388	MIR4496	miRNA	12	108635810	108635870	1		ENSG00000257221	intragenic
ENSG00000265526	MIR4304	miRNA	12	123010667	123010728	-1	PITPNM2	ENSG00000090975	intragenic
ENSG00000283803	MIR3198-2	miRNA	12	54231397	54231476	-1	CBX5	ENSG00000094916	intragenic
ENSG00000199122	MIR148B	miRNA	12	54337216	54337314	1		ENSG00000258344	intragenic
ENSG00000199122	MIR148B	miRNA	12	54337216	54337314	1	COPZ1	ENSG00000111481	intragenic
ENSG00000278520	MIR7851	miRNA	12	42323700	42323859	-1	PPHLN1	ENSG00000134283	antisense
ENSG00000278520	MIR7851	miRNA	12	42323700	42323859	-1	ZCRB1	ENSG00000139168	intragenic
ENSG00000283768	MIR1178	miRNA	12	119713634	119713724	-1	CIT	ENSG00000122966	intragenic
ENSG00000266016	MIR548Z	miRNA	12	64622509	64622605	-1	RASSF3	ENSG00000153179	antisense
ENSG00000207546	MIR548C	miRNA	12	64622509	64622605	1	RASSF3	ENSG00000153179	intragenic
ENSG00000265345	MIR5188	miRNA	12	124915547	124915659	1		ENSG00000301546	intragenic
ENSG00000265345	MIR5188	miRNA	12	124915547	124915659	1	UBC	ENSG00000150991	antisense
ENSG00000277052	MIR6763	miRNA	12	132581997	132582061	1	FBRSL1	ENSG00000112787	intragenic
ENSG00000284503	MIR3652	miRNA	12	103930425	103930555	1		ENSG00000293399	antisense
ENSG00000284503	MIR3652	miRNA	12	103930425	103930555	1	HSP90B1	ENSG00000166598	intragenic
ENSG00000274822	MIR6762	miRNA	12	113291523	113291608	1	TPCN1	ENSG00000186815	intragenic
ENSG00000264201	MIR4701	miRNA	12	48771975	48772037	-1	ADCY6	ENSG00000174233	intragenic
ENSG00000284425	MIR8072	miRNA	12	123364764	123364843	-1	SBNO1-AS1	ENSG00000256092	antisense
ENSG00000284425	MIR8072	miRNA	12	123364764	123364843	-1	SBNO1	ENSG00000139697	intragenic
ENSG00000284011	MIR6502	miRNA	12	66251082	66251157	1	IRAK3	ENSG00000090376	intragenic
ENSG00000283998	MIR492	miRNA	12	94834398	94834513	1	KRT19P2	ENSG00000216306	intragenic
ENSG00000283998	MIR492	miRNA	12	94834398	94834513	1		ENSG00000303924	antisense
ENSG00000207983	MIR613	miRNA	12	12764649	12764743	1	APOLD1	ENSG00000178878	intragenic
ENSG00000283759	MIR614	miRNA	12	12915829	12915918	1	GPRC5A	ENSG00000013588	intragenic
ENSG00000266370	MIR3657	miRNA	12	112037599	112037715	-1	NAA25	ENSG00000111300	intragenic
ENSG00000283793	MIR6861	miRNA	12	112163258	112163321	-1	HECTD4	ENSG00000173064	intragenic
ENSG00000276908	MIR7106	miRNA	12	113159113	113159177	-1	DDX54	ENSG00000123064	intragenic
ENSG00000276908	MIR7106	miRNA	12	113159113	113159177	-1	CFAP73	ENSG00000186710	antisense
ENSG00000284143	MIR4700	miRNA	12	120723193	120723266	1		ENSG00000256569	antisense
ENSG00000284143	MIR4700	miRNA	12	120723193	120723266	1	UNC119B	ENSG00000175970	intragenic
ENSG00000207789	MIR26A2	miRNA	12	57824609	57824692	-1	CTDSP2	ENSG00000175215	intragenic
ENSG00000207789	MIR26A2	miRNA	12	57824609	57824692	-1	TSFM	ENSG00000123297	antisense
ENSG00000266704	MIR4498	miRNA	12	120155434	120155499	-1	GCN1	ENSG00000089154	intragenic
ENSG00000263838	MIR4698	miRNA	12	47187812	47187891	1	PCED1B-AS1	ENSG00000247774	antisense
ENSG00000263838	MIR4698	miRNA	12	47187812	47187891	1	PCED1B	ENSG00000179715	intragenic
ENSG00000264906	MIR4494	miRNA	12	47364186	47364269	-1	LINC02416	ENSG00000257924	antisense
ENSG00000264906	MIR4494	miRNA	12	47364186	47364269	-1		ENSG00000310242	intragenic
ENSG00000275967	MIR6880	miRNA	12	124337181	124337242	-1	NCOR2	ENSG00000196498	intragenic
ENSG00000207924	MIR196A2	miRNA	12	53991738	53991847	1		ENSG00000273049	intragenic
ENSG00000207924	MIR196A2	miRNA	12	53991738	53991847	1	HOXC6	ENSG00000197757	intragenic
ENSG00000207571	MIR615	miRNA	12	54033950	54034045	1		ENSG00000273049	intragenic
ENSG00000207571	MIR615	miRNA	12	54033950	54034045	1		ENSG00000273046	intragenic
ENSG00000207571	MIR615	miRNA	12	54033950	54034045	1	HOXC4	ENSG00000198353	intragenic
ENSG00000207571	MIR615	miRNA	12	54033950	54034045	1	HOXC5	ENSG00000172789	intragenic
ENSG00000216192	MIR920	miRNA	12	24212421	24212495	1	SOX5	ENSG00000134532	antisense
ENSG00000221788	MIR1252	miRNA	12	79419257	79419321	1	SYT1-AS1	ENSG00000257894	antisense
ENSG00000221788	MIR1252	miRNA	12	79419257	79419321	1	SYT1	ENSG00000067715	intragenic
ENSG00000273700	MIR6760	miRNA	12	111304142	111304209	1		ENSG00000304623	antisense
ENSG00000273700	MIR6760	miRNA	12	111304142	111304209	1	CUX2	ENSG00000111249	intragenic
ENSG00000283603	MIR4302	miRNA	12	25874020	25874079	-1			intergenic
ENSG00000281842	MIR1291	miRNA	12	48654444	48654530	-1	KANSL2	ENSG00000139620	intragenic
ENSG00000207622	MIR619	miRNA	12	108836908	108837006	-1	SSH1	ENSG00000084112	intragenic
ENSG00000221476	MIR1827	miRNA	12	100189884	100189949	1		ENSG00000257489	antisense
ENSG00000221476	MIR1827	miRNA	12	100189884	100189949	1		ENSG00000290576	antisense
ENSG00000221479	MIR1251	miRNA	12	97491909	97491978	1		ENSG00000300902	antisense
ENSG00000221479	MIR1251	miRNA	12	97491909	97491978	1	RMST	ENSG00000255794	intragenic
ENSG00000207586	MIR135A2	miRNA	12	97563812	97563911	1		ENSG00000300902	antisense
ENSG00000207586	MIR135A2	miRNA	12	97563812	97563911	1	RMST	ENSG00000255794	intragenic
ENSG00000207586	MIR135A2	miRNA	12	97563812	97563911	1		ENSG00000279798	antisense
ENSG00000221365	MIR1228	miRNA	12	57194504	57194576	1	LRP1	ENSG00000123384	intragenic
ENSG00000221604	MIR1293	miRNA	12	50234142	50234212	-1	LIMA1	ENSG00000050405	intragenic
ENSG00000264405	MIR3913-1	miRNA	12	69584722	69584823	-1			intergenic
ENSG00000283677	MIR3913-2	miRNA	12	69584723	69584822	1			intergenic
ENSG00000284402	MIR7107	miRNA	12	121444273	121444352	-1	KDM2B	ENSG00000089094	intragenic
ENSG00000284402	MIR7107	miRNA	12	121444273	121444352	-1	RNF34	ENSG00000170633	antisense
ENSG00000274697	MIR6761	miRNA	12	111799834	111799905	1	ALDH2	ENSG00000111275	intragenic
ENSG00000263978	MIR4499	miRNA	13	20433778	20433846	-1	CRYL1	ENSG00000165475	intragenic
ENSG00000252695	MIR2276	miRNA	13	24162416	24162504	1		ENSG00000273167	intragenic
ENSG00000252695	MIR2276	miRNA	13	24162416	24162504	1	SPATA13	ENSG00000182957	intragenic
ENSG00000264387	MIR5007	miRNA	13	55174454	55174548	1	LINC02335	ENSG00000278630	intragenic
ENSG00000266663	MIR3169	miRNA	13	61199798	61199880	-1			intergenic
ENSG00000221650	MIR1267	miRNA	13	107531171	107531248	-1	NALF1	ENSG00000204442	intragenic
ENSG00000264864	MIR3613	miRNA	13	49996415	49996501	-1	DLEU2	ENSG00000231607	intragenic
ENSG00000264864	MIR3613	miRNA	13	49996415	49996501	-1	TRIM13	ENSG00000204977	antisense
ENSG00000208006	MIR16-1	miRNA	13	50048973	50049061	-1	DLEU2	ENSG00000231607	intragenic
ENSG00000283785	MIR15A	miRNA	13	50049119	50049201	-1	DLEU2	ENSG00000231607	intragenic
ENSG00000266072	MIR5693	miRNA	13	51348567	51348639	-1	SERPINE3	ENSG00000253309	antisense
ENSG00000264226	MIR3168	miRNA	13	41101019	41101100	-1			intergenic
ENSG00000284584	MIR5006	miRNA	13	41568286	41568395	-1		ENSG00000288598	antisense
ENSG00000284584	MIR5006	miRNA	13	41568286	41568395	-1	VWA8	ENSG00000102763	intragenic
ENSG00000266611	MIR4703	miRNA	13	51552589	51552667	1	INTS6-AS1	ENSG00000236778	intragenic
ENSG00000263615	MIR4306	miRNA	13	99643059	99643149	1	CLYBL	ENSG00000125246	intragenic
ENSG00000277942	MIR8075	miRNA	13	113262920	113262999	1	CUL4A	ENSG00000139842	intragenic
ENSG00000263581	MIR548X2	miRNA	13	65966330	65966429	-1		ENSG00000300318	intragenic
ENSG00000263581	MIR548X2	miRNA	13	65966330	65966429	-1		ENSG00000286395	antisense
ENSG00000263561	MIR4704	miRNA	13	66218250	66218324	1			intergenic
ENSG00000264539	MIR548AR	miRNA	13	114244505	114244561	1	CDC16	ENSG00000130177	intragenic
ENSG00000265450	MIR4502	miRNA	13	114273828	114273908	1		ENSG00000289904	antisense
ENSG00000266325	MIR3665	miRNA	13	77698012	77698116	-1	SLAIN1	ENSG00000139737	antisense
ENSG00000211579	MIR759	miRNA	13	52810050	52810140	1		ENSG00000305264	intragenic
ENSG00000265164	MIR2681	miRNA	13	101967642	101967746	-1	FGF14	ENSG00000102466	intragenic
ENSG00000264482	MIR4705	miRNA	13	102045934	102046004	-1	FGF14	ENSG00000102466	intragenic
ENSG00000207719	MIR623	miRNA	13	99356131	99356228	1	UBAC2	ENSG00000134882	intragenic
ENSG00000283126	MIR1297	miRNA	13	54311972	54312048	-1		ENSG00000294129	antisense
ENSG00000211491	MIR320D1	miRNA	13	40727828	40727875	-1	MRPS31	ENSG00000102738	intragenic
ENSG00000207652	MIR621	miRNA	13	40810766	40810861	1	SUGT1P3	ENSG00000290476	antisense
ENSG00000207652	MIR621	miRNA	13	40810766	40810861	1	SLC25A15	ENSG00000102743	intragenic
ENSG00000283783	MIR622	miRNA	13	90231182	90231277	1	KRT18P27	ENSG00000224419	intragenic
ENSG00000283487	MIR4501	miRNA	13	96427229	96427292	1	HS6ST3	ENSG00000185352	intragenic
ENSG00000263741	MIR548AS	miRNA	13	92490163	92490220	1	GPC5-IT1	ENSG00000236240	intragenic
ENSG00000263741	MIR548AS	miRNA	13	92490163	92490220	1	GPC5	ENSG00000179399	intragenic
ENSG00000263399	MIR3170	miRNA	13	98208524	98208600	1	FARP1	ENSG00000152767	intragenic
ENSG00000276765	MIR8073	miRNA	13	110340958	110341029	1	COL4A2	ENSG00000134871	intragenic
ENSG00000266052	MIR4500	miRNA	13	87618665	87618740	-1	MIR4500HG	ENSG00000228824	intragenic
ENSG00000264171	MIR4305	miRNA	13	39664034	39664135	-1	COG6	ENSG00000133103	antisense
ENSG00000276319	MIR8079	miRNA	13	44196129	44196200	-1		ENSG00000299335	intragenic
ENSG00000276319	MIR8079	miRNA	13	44196129	44196200	-1	SMIM2-AS1	ENSG00000227258	antisense
ENSG00000284536	MIR17	miRNA	13	91350605	91350688	1	MIR17HG	ENSG00000215417	intragenic
ENSG00000283815	MIR18A	miRNA	13	91350751	91350821	1	MIR17HG	ENSG00000215417	intragenic
ENSG00000284204	MIR19A	miRNA	13	91350891	91350972	1	MIR17HG	ENSG00000215417	intragenic
ENSG00000283762	MIR20A	miRNA	13	91351065	91351135	1	MIR17HG	ENSG00000215417	intragenic
ENSG00000284375	MIR19B1	miRNA	13	91351192	91351278	1	MIR17HG	ENSG00000215417	intragenic
ENSG00000283705	MIR92A1	miRNA	13	91351314	91351391	1	MIR17HG	ENSG00000215417	intragenic
ENSG00000264657	MIR3171	miRNA	14	27633205	27633278	-1	MIR3171HG	ENSG00000292998	intragenic
ENSG00000264657	MIR3171	miRNA	14	27633205	27633278	-1	LINC00645	ENSG00000258548	antisense
ENSG00000266431	MIR5580	miRNA	14	53948427	53948484	-1	BMP4	ENSG00000125378	intragenic
ENSG00000266740	MIR4708	miRNA	14	65335117	65335183	-1		ENSG00000302621	antisense
ENSG00000266740	MIR4708	miRNA	14	65335117	65335183	-1	FUT8	ENSG00000033170	antisense
ENSG00000263629	MIR5586	miRNA	14	59646962	59647020	-1	RTN1	ENSG00000139970	intragenic
ENSG00000207781	MIR625	miRNA	14	65471102	65471186	1	FUT8	ENSG00000033170	intragenic
ENSG00000283944	MIR4709	miRNA	14	74480133	74480204	-1	NPC2	ENSG00000119655	intragenic
ENSG00000265432	MIR4308	miRNA	14	54878113	54878193	-1	GCH1	ENSG00000131979	intragenic
ENSG00000284122	MIR6717	miRNA	14	21023314	21023386	-1	NDRG2	ENSG00000165795	intragenic
ENSG00000264607	MIR3173	miRNA	14	95137919	95137986	-1	DICER1	ENSG00000100697	intragenic
ENSG00000265291	MIR4710	miRNA	14	104677694	104677749	-1		ENSG00000258736	intragenic
ENSG00000221537	MIR548H1	miRNA	14	64095024	64095125	-1	SYNE2	ENSG00000054654	antisense
ENSG00000221537	MIR548H1	miRNA	14	64095024	64095125	-1	ESR2	ENSG00000140009	intragenic
ENSG00000266461	MIR2392	miRNA	14	100814491	100814574	1	MEG3	ENSG00000214548	intragenic
ENSG00000211574	MIR770	miRNA	14	100852390	100852487	1		ENSG00000258663	antisense
ENSG00000211574	MIR770	miRNA	14	100852390	100852487	1	MIR493HG	ENSG00000258399	intragenic
ENSG00000211574	MIR770	miRNA	14	100852390	100852487	1	MEG3	ENSG00000214548	intragenic
ENSG00000207989	MIR493	miRNA	14	100869060	100869148	1	MIR493HG	ENSG00000258399	intragenic
ENSG00000199151	MIR337	miRNA	14	100874493	100874585	1	MIR493HG	ENSG00000258399	intragenic
ENSG00000283159	MIR665	miRNA	14	100875033	100875104	1	MIR493HG	ENSG00000258399	intragenic
ENSG00000208001	MIR431	miRNA	14	100881007	100881120	1	RTL1	ENSG00000254656	antisense
ENSG00000208001	MIR431	miRNA	14	100881007	100881120	1	MIR493HG	ENSG00000258399	intragenic
ENSG00000207569	MIR433	miRNA	14	100881886	100881978	1	RTL1	ENSG00000254656	antisense
ENSG00000207569	MIR433	miRNA	14	100881886	100881978	1	MIR493HG	ENSG00000258399	intragenic
ENSG00000207608	MIR127	miRNA	14	100882979	100883075	1	RTL1	ENSG00000254656	antisense
ENSG00000207608	MIR127	miRNA	14	100882979	100883075	1	MIR493HG	ENSG00000258399	intragenic
ENSG00000272458	MIR432	miRNA	14	100884483	100884576	1	RTL1	ENSG00000254656	antisense
ENSG00000272458	MIR432	miRNA	14	100884483	100884576	1	MIR493HG	ENSG00000258399	intragenic
ENSG00000272458	MIR432	miRNA	14	100884483	100884576	1	MEG8	ENSG00000225746	intragenic
ENSG00000207942	MIR136	miRNA	14	100884702	100884783	1	RTL1	ENSG00000254656	antisense
ENSG00000207942	MIR136	miRNA	14	100884702	100884783	1	MIR493HG	ENSG00000258399	intragenic
ENSG00000207942	MIR136	miRNA	14	100884702	100884783	1	MEG8	ENSG00000225746	intragenic
ENSG00000199005	MIR370	miRNA	14	100911139	100911213	1	MIR493HG	ENSG00000258399	intragenic
ENSG00000199005	MIR370	miRNA	14	100911139	100911213	1	MEG8	ENSG00000225746	intragenic
ENSG00000199088	MIR379	miRNA	14	101022066	101022132	1	MEG8	ENSG00000225746	intragenic
ENSG00000199109	MIR411	miRNA	14	101023325	101023420	1	MEG8	ENSG00000225746	intragenic
ENSG00000207749	MIR299	miRNA	14	101023794	101023856	1	MEG8	ENSG00000225746	intragenic
ENSG00000198982	MIR380	miRNA	14	101025017	101025077	1	MEG8	ENSG00000225746	intragenic
ENSG00000221745	MIR1197	miRNA	14	101025564	101025651	1	MEG8	ENSG00000225746	intragenic
ENSG00000199069	MIR323A	miRNA	14	101025732	101025817	1	MEG8	ENSG00000225746	intragenic
ENSG00000211582	MIR758	miRNA	14	101026020	101026107	1	MEG8	ENSG00000225746	intragenic
ENSG00000207761	MIR329-1	miRNA	14	101026785	101026864	1	MEG8	ENSG00000225746	intragenic
ENSG00000207762	MIR329-2	miRNA	14	101027100	101027183	1	MEG8	ENSG00000225746	intragenic
ENSG00000194717	MIR494	miRNA	14	101029634	101029714	1	MEG8	ENSG00000225746	intragenic
ENSG00000221036	MIR1193	miRNA	14	101030052	101030129	1	MEG8	ENSG00000225746	intragenic
ENSG00000212040	MIR543	miRNA	14	101031987	101032064	1	MEG8	ENSG00000225746	intragenic
ENSG00000207743	MIR495	miRNA	14	101033755	101033836	1	MEG8	ENSG00000225746	intragenic
ENSG00000283279	MIR376C	miRNA	14	101039690	101039755	1			intergenic
ENSG00000283561	MIR376A2	miRNA	14	101040069	101040148	1			intergenic
ENSG00000207934	MIR654	miRNA	14	101040219	101040299	1			intergenic
ENSG00000283556	MIR376B	miRNA	14	101040436	101040535	1			intergenic
ENSG00000283588	MIR376A1	miRNA	14	101040782	101040849	1			intergenic
ENSG00000215957	MIR300	miRNA	14	101041363	101041445	1			intergenic
ENSG00000221525	MIR1185-1	miRNA	14	101042977	101043062	1	MEG9	ENSG00000223403	intragenic
ENSG00000221614	MIR1185-2	miRNA	14	101044198	101044283	1	MEG9	ENSG00000223403	intragenic
ENSG00000199020	MIR381	miRNA	14	101045920	101045994	1	MEG9	ENSG00000223403	intragenic
ENSG00000207754	MIR487B	miRNA	14	101046455	101046538	1	MEG9	ENSG00000223403	intragenic
ENSG00000202560	MIR539	miRNA	14	101047321	101047398	1	MEG9	ENSG00000223403	intragenic
ENSG00000216099	MIR889	miRNA	14	101047901	101047979	1	MEG9	ENSG00000223403	intragenic
ENSG00000207587	MIR544A	miRNA	14	101048658	101048748	1	MEG9	ENSG00000223403	intragenic
ENSG00000207646	MIR655	miRNA	14	101049550	101049646	1	MEG9	ENSG00000223403	intragenic
ENSG00000207742	MIR487A	miRNA	14	101052446	101052525	1	MEG9	ENSG00000223403	intragenic
ENSG00000283170	MIR382	miRNA	14	101054306	101054381	1	MEG9	ENSG00000223403	intragenic
ENSG00000207993	MIR134	miRNA	14	101054687	101054759	1	MEG9	ENSG00000223403	intragenic
ENSG00000276352	MIR668	miRNA	14	101055258	101055323	1	MEG9	ENSG00000223403	intragenic
ENSG00000208027	MIR485	miRNA	14	101055419	101055491	1	MEG9	ENSG00000223403	intragenic
ENSG00000208004	MIR323B	miRNA	14	101056219	101056300	1	MEG9	ENSG00000223403	intragenic
ENSG00000207978	MIR154	miRNA	14	101059755	101059838	1	MEG9	ENSG00000223403	intragenic
ENSG00000207961	MIR496	miRNA	14	101060573	101060674	1	MEG9	ENSG00000223403	intragenic
ENSG00000199015	MIR377	miRNA	14	101062050	101062118	1	MEG9	ENSG00000223403	intragenic
ENSG00000216179	MIR541	miRNA	14	101064495	101064578	1	MEG9	ENSG00000223403	intragenic
ENSG00000199107	MIR409	miRNA	14	101065300	101065378	1	MEG9	ENSG00000223403	intragenic
ENSG00000199012	MIR412	miRNA	14	101065447	101065537	1	MEG9	ENSG00000223403	intragenic
ENSG00000199025	MIR369	miRNA	14	101065598	101065667	1	MEG9	ENSG00000223403	intragenic
ENSG00000199092	MIR410	miRNA	14	101065912	101065991	1	MEG9	ENSG00000223403	intragenic
ENSG00000207959	MIR656	miRNA	14	101066724	101066801	1	MEG9	ENSG00000223403	intragenic
ENSG00000283856	MIR7703	miRNA	14	24143489	24143565	-1	PSME2	ENSG00000100911	intragenic
ENSG00000265993	MIR5694	miRNA	14	67441855	67441930	-1			intergenic
ENSG00000280494		miRNA	14	75604209	75604261	1	RNA5SP387	ENSG00000201096	intragenic
ENSG00000280494		miRNA	14	75604209	75604261	1	FLVCR2	ENSG00000119686	intragenic
ENSG00000264712	MIR4504	miRNA	14	50299855	50299946	-1	L2HGDH	ENSG00000087299	intragenic
ENSG00000266531	MIR4706	miRNA	14	65044688	65044769	1	CHURC1-FNTB	ENSG00000125954	intragenic
ENSG00000266531	MIR4706	miRNA	14	65044688	65044769	1	FNTB	ENSG00000257365	intragenic
ENSG00000266531	MIR4706	miRNA	14	65044688	65044769	1	MAX	ENSG00000125952	antisense
ENSG00000221754	MIR1260A	miRNA	14	77266218	77266290	1	NGB	ENSG00000165553	antisense
ENSG00000284269	MIR7855	miRNA	14	64785626	64785686	-1	SPTB	ENSG00000070182	intragenic
ENSG00000207952	MIR624	miRNA	14	31014646	31014742	-1	STRN3	ENSG00000196792	intragenic
ENSG00000273830	MIR7843	miRNA	14	72516820	72516898	1		ENSG00000286333	antisense
ENSG00000273830	MIR7843	miRNA	14	72516820	72516898	1	RGS6	ENSG00000182732	intragenic
ENSG00000265612	MIR4539	miRNA	14	105857513	105857572	-1			intergenic
ENSG00000264024	MIR4507	miRNA	14	105858124	105858175	-1			intergenic
ENSG00000263413	MIR4538	miRNA	14	105858165	105858242	-1			intergenic
ENSG00000264781	MIR4537	miRNA	14	105859484	105859553	-1			intergenic
ENSG00000265929	MIR5195	miRNA	14	106850885	106850999	-1			intergenic
ENSG00000273778	MIR6765	miRNA	14	105150778	105150864	-1	JAG2	ENSG00000184916	intragenic
ENSG00000274172	MIR8071-1	miRNA	14	105621116	105621180	1	IGHG4	ENSG00000211892	antisense
ENSG00000277030	MIR8071-2	miRNA	14	105640168	105640232	1	IGHG2	ENSG00000211893	antisense
ENSG00000278038	MIR6076	miRNA	14	49966399	49966511	1	LINC01588	ENSG00000214900	antisense
ENSG00000278038	MIR6076	miRNA	14	49966399	49966511	1		ENSG00000300168	intragenic
ENSG00000264741	MIR4505	miRNA	14	73758747	73758819	1	MIDEAS	ENSG00000156030	antisense
ENSG00000266327	MIR4503	miRNA	14	36952309	36952391	-1	SLC25A21	ENSG00000183032	intragenic
ENSG00000199157	MIR208A	miRNA	14	23388596	23388666	-1	MYH6	ENSG00000197616	intragenic
ENSG00000215991	MIR208B	miRNA	14	23417987	23418063	-1	MYH7	ENSG00000092054	intragenic
ENSG00000207568	MIR203A	miRNA	14	104117405	104117514	1			intergenic
ENSG00000283165	MIR203B	miRNA	14	104117418	104117503	-1			intergenic
ENSG00000283857	MIR1247	miRNA	14	101560287	101560422	-1	DIO3	ENSG00000197406	antisense
ENSG00000283857	MIR1247	miRNA	14	101560287	101560422	-1	DIO3OS	ENSG00000258498	intragenic
ENSG00000284118	MIR4707	miRNA	14	22956950	22957029	-1		ENSG00000259132	intragenic
ENSG00000284118	MIR4707	miRNA	14	22956950	22957029	-1	HAUS4	ENSG00000092036	intragenic
ENSG00000266015	MIR4309	miRNA	14	102539644	102539726	1			intergenic
ENSG00000265154	MIR151B	miRNA	14	100109419	100109514	-1	EVL	ENSG00000196405	antisense
ENSG00000199082	MIR342	miRNA	14	100109655	100109753	1	EVL	ENSG00000196405	intragenic
ENSG00000283840	MIR6764	miRNA	14	100277357	100277417	1	YY1	ENSG00000100811	intragenic
ENSG00000198984	MIR345	miRNA	14	100307859	100307956	1			intergenic
ENSG00000263945	MIR548Y	miRNA	14	47760995	47761104	-1	LINC00648	ENSG00000259129	intragenic
ENSG00000265768	MIR4506	miRNA	14	93948226	93948302	-1	ASB2	ENSG00000100628	intragenic
ENSG00000265165	MIR4307	miRNA	14	26908642	26908725	1	NOVA1-DT	ENSG00000257842	intragenic
ENSG00000265165	MIR4307	miRNA	14	26908642	26908725	1	MIR4307HG	ENSG00000257612	intragenic
ENSG00000264902	MIR5701-3	miRNA	15	21951242	21951323	1			intergenic
ENSG00000266517	MIR4715	miRNA	15	25848747	25848825	-1	ATP10A	ENSG00000206190	intragenic
ENSG00000265793	MIR3118-4	miRNA	15	21843750	21843824	1			intergenic
ENSG00000265098	MIR4510	miRNA	15	35926856	35926923	1		ENSG00000259639	antisense
ENSG00000265098	MIR4510	miRNA	15	35926856	35926923	1	LINC02853	ENSG00000259245	intragenic
ENSG00000265102	MIR3942	miRNA	15	35372256	35372364	-1	DPH6	ENSG00000134146	intragenic
ENSG00000264210	MIR4716	miRNA	15	49169070	49169153	-1	GALK2	ENSG00000156958	antisense
ENSG00000253030	MIR2116	miRNA	15	59171183	59171262	-1	MYO1E	ENSG00000157483	intragenic
ENSG00000207965	MIR629	miRNA	15	70079372	70079468	-1	TLE3	ENSG00000140332	intragenic
ENSG00000284059	MIR5572	miRNA	15	80581103	80581239	1	ARNT2	ENSG00000172379	intragenic
ENSG00000266449	MIR3713	miRNA	15	76586647	76586691	1	SCAPER	ENSG00000140386	antisense
ENSG00000221630	MIR1179	miRNA	15	88608107	88608197	1		ENSG00000305643	intragenic
ENSG00000207703	MIR7-2	miRNA	15	88611825	88611934	1			intergenic
ENSG00000283484	MIR3529	miRNA	15	88611847	88611924	-1			intergenic
ENSG00000283888	MIR1469	miRNA	15	96333261	96333307	1	NR2F2-AS1	ENSG00000247809	antisense
ENSG00000283888	MIR1469	miRNA	15	96333261	96333307	1	NR2F2	ENSG00000185551	intragenic
ENSG00000221792	MIR1282	miRNA	15	43793659	43793759	-1		ENSG00000262560	intragenic
ENSG00000221792	MIR1282	miRNA	15	43793659	43793759	-1		ENSG00000310796	antisense
ENSG00000221792	MIR1282	miRNA	15	43793659	43793759	-1	SERF2	ENSG00000140264	antisense
ENSG00000264737	MIR4511	miRNA	15	65719246	65719332	-1	DENND4A	ENSG00000174485	intragenic
ENSG00000221649	MIR1233-1	miRNA	15	34382069	34382150	-1	GOLGA8A	ENSG00000175265	intragenic
ENSG00000275101	MIR6766	miRNA	15	89326739	89326810	-1	POLG	ENSG00000140521	intragenic
ENSG00000284329	MIR9-3	miRNA	15	89368017	89368106	1	MIR9-3HG	ENSG00000255571	intragenic
ENSG00000284386	MIR147B	miRNA	15	45433050	45433129	1		ENSG00000259342	antisense
ENSG00000284386	MIR147B	miRNA	15	45433050	45433129	1	COXFA4L3	ENSG00000166920	intragenic
ENSG00000208003	MIR549A	miRNA	15	80841978	80842073	-1	CEMIP	ENSG00000103888	antisense
ENSG00000265855	MIR4514	miRNA	15	80997417	80997473	-1			intergenic
ENSG00000199156	MIR422A	miRNA	15	63870930	63871019	-1			intergenic
ENSG00000283614	MIR7973-2	miRNA	15	51314032	51314107	-1	MIR4713HG	ENSG00000259240	antisense
ENSG00000283614	MIR7973-2	miRNA	15	51314032	51314107	-1	CYP19A1	ENSG00000137869	intragenic
ENSG00000278098	MIR7973-1	miRNA	15	51314034	51314109	1	MIR4713HG	ENSG00000259240	intragenic
ENSG00000278098	MIR7973-1	miRNA	15	51314034	51314109	1	CYP19A1	ENSG00000137869	antisense
ENSG00000264850	MIR4310	miRNA	15	41866495	41866551	-1	SPTBN5	ENSG00000137877	intragenic
ENSG00000264966	MIR5094	miRNA	15	89850637	89850721	-1	ARPIN-AP3S2	ENSG00000250021	intragenic
ENSG00000264966	MIR5094	miRNA	15	89850637	89850721	-1	AP3S2	ENSG00000157823	intragenic
ENSG00000264796	MIR5009	miRNA	15	89883931	89884030	-1	ARPIN-AP3S2	ENSG00000250021	intragenic
ENSG00000264796	MIR5009	miRNA	15	89883931	89884030	-1	AP3S2	ENSG00000157823	intragenic
ENSG00000265673	MIR4508	miRNA	15	23562062	23562131	-1		ENSG00000260978	intragenic
ENSG00000221052	MIR1266	miRNA	15	52277117	52277200	-1	MYO5C	ENSG00000128833	intragenic
ENSG00000283891	MIR628	miRNA	15	55372940	55373034	-1	DNAAF4-CCPG1	ENSG00000261771	intragenic
ENSG00000283891	MIR628	miRNA	15	55372940	55373034	-1	CCPG1	ENSG00000260916	intragenic
ENSG00000264406	MIR548AP	miRNA	15	85825635	85825730	1			intergenic
ENSG00000277202	MIR8063	miRNA	15	36972821	36972901	-1	MEIS2	ENSG00000134138	intragenic
ENSG00000283798	MIR630	miRNA	15	72587217	72587313	1	LINC02259	ENSG00000259783	antisense
ENSG00000283798	MIR630	miRNA	15	72587217	72587313	1	ARIH1	ENSG00000166233	intragenic
ENSG00000263643	MIR4515	miRNA	15	83067335	83067415	1		ENSG00000259805	intragenic
ENSG00000263643	MIR4515	miRNA	15	83067335	83067415	1		ENSG00000260351	intragenic
ENSG00000207766	MIR626	miRNA	15	41691585	41691678	1	MGA	ENSG00000174197	intragenic
ENSG00000284557	MIR1302-10	miRNA	15	101960459	101960596	-1		ENSG00000259553	intragenic
ENSG00000284557	MIR1302-10	miRNA	15	101960459	101960596	-1		ENSG00000290823	antisense
ENSG00000275449	MIR6859-3	miRNA	15	101973524	101973591	1	WASH3P	ENSG00000185596	intragenic
ENSG00000275449	MIR6859-3	miRNA	15	101973524	101973591	1		ENSG00000290823	intragenic
ENSG00000275449	MIR6859-3	miRNA	15	101973524	101973591	1	DDX11L16	ENSG00000290824	antisense
ENSG00000207702	MIR211	miRNA	15	31065032	31065141	-1	TRPM1	ENSG00000134160	intragenic
ENSG00000265871	MIR3174	miRNA	15	90006755	90006841	1	ZNF710	ENSG00000140548	intragenic
ENSG00000221065	MIR1233-2	miRNA	15	34528290	34528371	-1	GOLGA8B	ENSG00000215252	intragenic
ENSG00000266589	MIR4512	miRNA	15	66496958	66497034	-1	SNAPC5	ENSG00000174446	intragenic
ENSG00000263512	MIR4311	miRNA	15	66040233	66040332	1	MEGF11	ENSG00000157890	antisense
ENSG00000275451	MIR6085	miRNA	15	62343029	62343138	1			intergenic
ENSG00000211137	MIR190A	miRNA	15	62823957	62824041	1	TLN2	ENSG00000171914	intragenic
ENSG00000221641	MIR1268A	miRNA	15	22225278	22225329	-1		ENSG00000308335	intragenic
ENSG00000284385	MIR4313	miRNA	15	75762215	75762315	-1		ENSG00000260288	antisense
ENSG00000284385	MIR4313	miRNA	15	75762215	75762315	-1		ENSG00000261043	intragenic
ENSG00000277919	MIR8067	miRNA	15	62304658	62304734	-1		ENSG00000309363	intragenic
ENSG00000221033	MIR1272	miRNA	15	64762387	64762515	-1	RBPMS2	ENSG00000166831	intragenic
ENSG00000284324	MIR3175	miRNA	15	92904399	92904475	1	CHD2	ENSG00000173575	intragenic
ENSG00000266039	MIR4509-2	miRNA	15	28426491	28426584	1			intergenic
ENSG00000263964	MIR4509-3	miRNA	15	28490752	28490845	-1			intergenic
ENSG00000265195	MIR4312	miRNA	15	68801850	68801925	-1	ANP32A	ENSG00000140350	intragenic
ENSG00000266593	MIR4713	miRNA	15	51242190	51242264	1	MIR4713HG	ENSG00000259240	intragenic
ENSG00000266593	MIR4713	miRNA	15	51242190	51242264	1	CYP19A1	ENSG00000137869	antisense
ENSG00000284160	MIR7706	miRNA	15	85380596	85380662	1	AKAP13	ENSG00000170776	intragenic
ENSG00000284343	MIR631	miRNA	15	75353611	75353685	-1	NEIL1	ENSG00000140398	antisense
ENSG00000207712	MIR627	miRNA	15	42199570	42199666	-1	VPS39	ENSG00000166887	intragenic
ENSG00000277391	MIR6881	miRNA	15	74411357	74411432	-1	SEMA7A	ENSG00000138623	intragenic
ENSG00000264480	MIR4714	miRNA	15	98784426	98784502	1	IGF1R	ENSG00000140443	intragenic
ENSG00000207695	MIR184	miRNA	15	79209788	79209871	1		ENSG00000292375	intragenic
ENSG00000207695	MIR184	miRNA	15	79209788	79209871	1	ANKRD34C-AS1	ENSG00000259234	antisense
ENSG00000277243	MIR3118-3	miRNA	15	21406385	21406459	1	POTEB3	ENSG00000278522	antisense
ENSG00000277841	MIR5701-2	miRNA	15	21513959	21514040	1			intergenic
ENSG00000221634	MIR1276	miRNA	15	85770496	85770578	-1		ENSG00000293656	intragenic
ENSG00000221634	MIR1276	miRNA	15	85770496	85770578	-1	KLHL25	ENSG00000183655	intragenic
ENSG00000265322	MIR3118-2	miRNA	15	20832795	20832869	1			intergenic
ENSG00000266545	MIR5701-1	miRNA	15	20940252	20940333	1			intergenic
ENSG00000276941	MIR4509-1	miRNA	15	23197827	23197920	1			intergenic
ENSG00000284284	MIR4712	miRNA	15	50360329	50360410	1	GABPB1-AS1	ENSG00000244879	intragenic
ENSG00000264386	MIR4513	miRNA	15	74788672	74788757	-1	CSK	ENSG00000103653	antisense
ENSG00000275411	MIR6882	miRNA	15	74840642	74840707	-1	ULK3	ENSG00000140474	intragenic
ENSG00000265005	MIR548W	miRNA	16	26025237	26025310	1	HS3ST4	ENSG00000182601	intragenic
ENSG00000265005	MIR548W	miRNA	16	26025237	26025310	1		ENSG00000285882	intragenic
ENSG00000266426	MIR4719	miRNA	16	76868936	76869019	1	LINC02125	ENSG00000250514	intragenic
ENSG00000273776	MIR6126	miRNA	16	3485381	3485469	-1		ENSG00000263212	antisense
ENSG00000273776	MIR6126	miRNA	16	3485381	3485469	-1	NAA60	ENSG00000122390	antisense
ENSG00000265991	MIR4519	miRNA	16	30875266	30875323	-1	MIR762HG	ENSG00000260083	antisense
ENSG00000265991	MIR4519	miRNA	16	30875266	30875323	-1	BCL7C	ENSG00000099385	intragenic
ENSG00000211591	MIR762	miRNA	16	30893903	30893985	1		ENSG00000262721	antisense
ENSG00000211591	MIR762	miRNA	16	30893903	30893985	1	MIR762HG	ENSG00000260083	intragenic
ENSG00000211591	MIR762	miRNA	16	30893903	30893985	1	BCL7C	ENSG00000099385	antisense
ENSG00000273648	MIR8065	miRNA	16	5632467	5632566	1	RBFOX1	ENSG00000078328	intragenic
ENSG00000275429	MIR6862-1	miRNA	16	28390982	28391051	-1		ENSG00000309023	antisense
ENSG00000275429	MIR6862-1	miRNA	16	28390982	28391051	-1	EIF3CL	ENSG00000205609	intragenic
ENSG00000278340	MIR6862-2	miRNA	16	28724252	28724321	1	PLA2G10DP	ENSG00000261419	antisense
ENSG00000278340	MIR6862-2	miRNA	16	28724252	28724321	1	EIF3C	ENSG00000184110	intragenic
ENSG00000283845	MIR4721	miRNA	16	28843919	28844007	-1	TUFM	ENSG00000178952	intragenic
ENSG00000284541	MIR4517	miRNA	16	28958583	28958661	1	NFATC2IP-AS1	ENSG00000260853	antisense
ENSG00000284541	MIR4517	miRNA	16	28958583	28958661	1	NFATC2IP	ENSG00000176953	intragenic
ENSG00000266758	MIR3680-2	miRNA	16	29599179	29599265	-1		ENSG00000279583	intragenic
ENSG00000266758	MIR3680-2	miRNA	16	29599179	29599265	-1		ENSG00000309183	antisense
ENSG00000221801	MIR548H2	miRNA	16	11306440	11306527	-1	RMI2	ENSG00000175643	antisense
ENSG00000284473	MIR4720	miRNA	16	81385018	81385093	1	GAN	ENSG00000261609	intragenic
ENSG00000277255	MIR7854	miRNA	16	81533902	81533966	1	CMIP	ENSG00000153815	intragenic
ENSG00000275109	MIR6504	miRNA	16	81611348	81611408	1	CMIP	ENSG00000153815	intragenic
ENSG00000239118	MIR1972-2	miRNA	16	70030346	70030422	1	PDXDC2P	ENSG00000255185	antisense
ENSG00000239118	MIR1972-2	miRNA	16	70030346	70030422	1	PDXDC2P-NPIPB14P	ENSG00000196696	antisense
ENSG00000265281	MIR3935	miRNA	16	56245520	56245623	1	GNAO1	ENSG00000087258	intragenic
ENSG00000284259	MIR6773	miRNA	16	68233426	68233499	-1	ESRP2	ENSG00000103067	intragenic
ENSG00000265820	MIR3177	miRNA	16	1734985	1735066	1	MAPK8IP3	ENSG00000138834	intragenic
ENSG00000283180	MIR6767	miRNA	16	2445392	2445457	1	CCNF	ENSG00000162063	intragenic
ENSG00000274805	MIR6768	miRNA	16	2463967	2464038	1	TEDC2	ENSG00000162062	intragenic
ENSG00000266232	MIR3178	miRNA	16	2531922	2532005	-1		ENSG00000307949	intragenic
ENSG00000284184	MIR6506	miRNA	16	15611030	15611095	-1	MARF1	ENSG00000166783	intragenic
ENSG00000284184	MIR6506	miRNA	16	15611030	15611095	-1	BMERB1	ENSG00000166780	antisense
ENSG00000283736	MIR484	miRNA	16	15643294	15643372	1	NDE1	ENSG00000072864	intragenic
ENSG00000207579	MIR662	miRNA	16	770183	770277	1	MSLNL	ENSG00000162006	antisense
ENSG00000264947	MIR3181	miRNA	16	50742305	50742377	1	CYLD-AS1	ENSG00000261644	antisense
ENSG00000264947	MIR3181	miRNA	16	50742305	50742377	1	CYLD	ENSG00000083799	intragenic
ENSG00000274816	MIR6772	miRNA	16	57772289	57772352	-1	KIFC3	ENSG00000140859	intragenic
ENSG00000207649	MIR138-2	miRNA	16	56858518	56858601	1			intergenic
ENSG00000283471	MIR6863	miRNA	16	56904264	56904353	1	SLC12A3	ENSG00000070915	intragenic
ENSG00000207948	MIR328	miRNA	16	67202321	67202395	-1	ELMO3	ENSG00000102890	antisense
ENSG00000257381	MIR3179-2	miRNA	16	16300159	16300242	1		ENSG00000297752	antisense
ENSG00000257381	MIR3179-2	miRNA	16	16300159	16300242	1	NOMO3	ENSG00000103226	intragenic
ENSG00000264722	MIR3670-2	miRNA	16	16306370	16306434	1		ENSG00000297752	antisense
ENSG00000265373	MIR3180-2	miRNA	16	16309879	16309966	1		ENSG00000257366	antisense
ENSG00000265373	MIR3180-2	miRNA	16	16309879	16309966	1		ENSG00000297752	antisense
ENSG00000278221	MIR6511A2	miRNA	16	16324588	16324654	1	PKD1P1	ENSG00000244257	intragenic
ENSG00000278221	MIR6511A2	miRNA	16	16324588	16324654	1	NPIPA6	ENSG00000183889	intragenic
ENSG00000277698	MIR6770-2	miRNA	16	16329305	16329364	1	PKD1P1	ENSG00000244257	intragenic
ENSG00000277698	MIR6770-2	miRNA	16	16329305	16329364	1	NPIPA6	ENSG00000183889	intragenic
ENSG00000276311	MIR6511A3	miRNA	16	16368876	16368942	1	PKD1P2	ENSG00000227827	intragenic
ENSG00000223109	MIR1538	miRNA	16	69565808	69565868	-1	NFAT5	ENSG00000102908	antisense
ENSG00000266305	MIR4518	miRNA	16	30503919	30504001	1	ITGAL	ENSG00000005844	intragenic
ENSG00000274969	MIR6771	miRNA	16	50292616	50292675	1	ADCY7	ENSG00000121281	intragenic
ENSG00000274466	MIR1273H	miRNA	16	24203116	24203231	1	PRKCB	ENSG00000166501	intragenic
ENSG00000266307	MIR5093	miRNA	16	85306226	85306325	-1		ENSG00000287787	antisense
ENSG00000266307	MIR5093	miRNA	16	85306226	85306325	-1	GSE1	ENSG00000131149	antisense
ENSG00000221656	MIR1225	miRNA	16	2090195	2090284	-1	PKD1	ENSG00000008710	intragenic
ENSG00000277387	MIR8058	miRNA	16	82688931	82689019	1	CDH13	ENSG00000140945	intragenic
ENSG00000263785	MIR3182	miRNA	16	83508346	83508408	1	CDH13	ENSG00000140945	intragenic
ENSG00000284305	MIR3179-1	miRNA	16	14901508	14901591	1		ENSG00000257264	intragenic
ENSG00000284305	MIR3179-1	miRNA	16	14901508	14901591	1		ENSG00000309423	antisense
ENSG00000263456	MIR5189	miRNA	16	88468918	88469031	1	ZFPM1	ENSG00000179588	intragenic
ENSG00000284585	MIR4722	miRNA	16	88716278	88716337	-1	PIEZO1	ENSG00000103335	intragenic
ENSG00000284585	MIR4722	miRNA	16	88716278	88716337	-1	CTU2	ENSG00000174177	antisense
ENSG00000283416	MIR1910	miRNA	16	85741621	85741700	-1	C16orf74	ENSG00000154102	intragenic
ENSG00000274134	MIR6774	miRNA	16	85918347	85918416	1	IRF8	ENSG00000140968	intragenic
ENSG00000265462	MIR3680-1	miRNA	16	21506049	21506135	-1		ENSG00000291073	intragenic
ENSG00000265462	MIR3680-1	miRNA	16	21506049	21506135	-1		ENSG00000302877	antisense
ENSG00000207639	MIR193B	miRNA	16	14303967	14304049	1	MIR193BHG	ENSG00000262454	intragenic
ENSG00000199130	MIR365A	miRNA	16	14309285	14309371	1	MIR193BHG	ENSG00000262454	intragenic
ENSG00000284008	MIR6511B1	miRNA	16	2106669	2106753	-1	PKD1	ENSG00000008710	intragenic
ENSG00000265867	MIR4516	miRNA	16	2133119	2133204	1	PKD1	ENSG00000008710	antisense
ENSG00000264397	MIR3180-5	miRNA	16	2135977	2136129	-1			intergenic
ENSG00000266643	MIR3677	miRNA	16	2270713	2270772	1	MIR3677HG	ENSG00000260778	intragenic
ENSG00000284346	MIR940	miRNA	16	2271747	2271840	1	MIR3677HG	ENSG00000260778	intragenic
ENSG00000264004	MIR4717	miRNA	16	2274620	2274691	1			intergenic
ENSG00000266124	MIR5587	miRNA	16	535316	535368	1	CAPN15	ENSG00000103326	intragenic
ENSG00000266235	MIR3176	miRNA	16	543277	543366	1	CAPN15	ENSG00000103326	intragenic
ENSG00000208017	MIR140	miRNA	16	69933081	69933180	1	WWP2	ENSG00000198373	intragenic
ENSG00000273613	MIR6511A4	miRNA	16	18344013	18344079	-1		ENSG00000285628	intragenic
ENSG00000273613	MIR6511A4	miRNA	16	18344013	18344079	-1	PKD1P4	ENSG00000205746	intragenic
ENSG00000273613	MIR6511A4	miRNA	16	18344013	18344079	-1		ENSG00000290386	intragenic
ENSG00000275391	MIR6770-3	miRNA	16	18379351	18379410	-1	PKD1P5	ENSG00000254681	intragenic
ENSG00000266291	MIR3180-3	miRNA	16	18402178	18402271	-1		ENSG00000257563	antisense
ENSG00000266291	MIR3180-3	miRNA	16	18402178	18402271	-1		ENSG00000297097	antisense
ENSG00000265776	MIR3670-3	miRNA	16	18405698	18405762	-1		ENSG00000297097	antisense
ENSG00000266454	MIR3179-3	miRNA	16	18411894	18411977	-1		ENSG00000297097	antisense
ENSG00000274025	MIR3670-4	miRNA	16	18488301	18488365	-1	NOMO2	ENSG00000185164	intragenic
ENSG00000277014	MIR3179-4	miRNA	16	18494493	18494576	-1	NOMO2	ENSG00000185164	intragenic
ENSG00000263918	MIR3670-1	miRNA	16	14907717	14907781	1		ENSG00000309423	antisense
ENSG00000265537	MIR3180-1	miRNA	16	14911220	14911313	1		ENSG00000258354	antisense
ENSG00000265537	MIR3180-1	miRNA	16	14911220	14911313	1		ENSG00000309423	antisense
ENSG00000275259	MIR6511A1	miRNA	16	14925937	14926003	1	PKD1P3	ENSG00000183458	intragenic
ENSG00000275259	MIR6511A1	miRNA	16	14925937	14926003	1	NPIPA1	ENSG00000183426	intragenic
ENSG00000278265	MIR6770-1	miRNA	16	14930820	14930879	1	PKD1P3	ENSG00000183458	intragenic
ENSG00000278265	MIR6770-1	miRNA	16	14930820	14930879	1	NPIPA1	ENSG00000183426	intragenic
ENSG00000238728	MIR1972-1	miRNA	16	15010321	15010397	-1	PDXDC1	ENSG00000179889	antisense
ENSG00000283346	MIR6511B2	miRNA	16	15134075	15134145	-1	PKD1P6	ENSG00000250251	intragenic
ENSG00000283346	MIR6511B2	miRNA	16	15134075	15134145	-1	PKD1P6-NPIPP1	ENSG00000290394	intragenic
ENSG00000283346	MIR6511B2	miRNA	16	15134075	15134145	-1	PDXDC1	ENSG00000179889	antisense
ENSG00000264115	MIR3180-4	miRNA	16	15154850	15155002	-1		ENSG00000257391	antisense
ENSG00000264733	MIR4718	miRNA	16	12720321	12720371	1	CPPED1	ENSG00000103381	antisense
ENSG00000278598	MIR6775	miRNA	16	87834592	87834660	-1	SLC7A5-AS1	ENSG00000260466	antisense
ENSG00000278598	MIR6775	miRNA	16	87834592	87834660	-1	SLC7A5	ENSG00000103257	intragenic
ENSG00000278739	MIR6859-4	miRNA	16	17052	17119	-1	WASH4P	ENSG00000234769	intragenic
ENSG00000278739	MIR6859-4	miRNA	16	17052	17119	-1		ENSG00000260803	intragenic
ENSG00000276641	MIR6769A	miRNA	16	4671318	4671390	1	MGRN1	ENSG00000102858	intragenic
ENSG00000263583	MIR4522	miRNA	17	27293910	27293996	-1			intergenic
ENSG00000283935	MIR423	miRNA	17	30117079	30117172	1	hsa-mir-423	ENSG00000266919	antisense
ENSG00000283935	MIR423	miRNA	17	30117079	30117172	1		ENSG00000265394	antisense
ENSG00000283935	MIR423	miRNA	17	30117079	30117172	1	NSRP1	ENSG00000126653	intragenic
ENSG00000278447	MIR6781	miRNA	17	42823880	42823943	-1	BECN1	ENSG00000126581	intragenic
ENSG00000284399	MIR3184	miRNA	17	30117086	30117160	-1	hsa-mir-423	ENSG00000266919	intragenic
ENSG00000284399	MIR3184	miRNA	17	30117086	30117160	-1		ENSG00000265394	intragenic
ENSG00000284399	MIR3184	miRNA	17	30117086	30117160	-1	NSRP1	ENSG00000126653	antisense
ENSG00000278672	MIR8059	miRNA	17	50768650	50768730	1			intergenic
ENSG00000273500	MIR6129	miRNA	17	49288346	49288454	-1	FLJ40194	ENSG00000177369	antisense
ENSG00000207943	MIR634	miRNA	17	66787072	66787168	1	PRKCA	ENSG00000154229	intragenic
ENSG00000207561	MIR635	miRNA	17	68424451	68424548	-1		ENSG00000267009	antisense
ENSG00000207561	MIR635	miRNA	17	68424451	68424548	-1	WIPI1	ENSG00000070540	intragenic
ENSG00000284532	MIR4723	miRNA	17	28360654	28360734	1		ENSG00000258924	intragenic
ENSG00000284532	MIR4723	miRNA	17	28360654	28360734	1	VMA12	ENSG00000244045	intragenic
ENSG00000283824	MIR22	miRNA	17	1713903	1713987	-1	MIR22HG	ENSG00000186594	intragenic
ENSG00000277478	MIR6165	miRNA	17	49510817	49510900	1	NGFR-AS1	ENSG00000249906	antisense
ENSG00000277478	MIR6165	miRNA	17	49510817	49510900	1	NGFR	ENSG00000064300	intragenic
ENSG00000266392	MIR4740	miRNA	17	81400716	81400778	-1	BAHCC1	ENSG00000266074	antisense
ENSG00000266189	MIR3186	miRNA	17	81451104	81451188	-1	BAHCC1	ENSG00000266074	antisense
ENSG00000264005	MIR4314	miRNA	17	8088056	8088147	1			intergenic
ENSG00000284117	MIR6883	miRNA	17	8144994	8145071	-1	PER1	ENSG00000179094	intragenic
ENSG00000283160	MIR4521	miRNA	17	8186945	8187004	1			intergenic
ENSG00000266297	MIR744	miRNA	17	12081899	12081996	1	MAP2K4	ENSG00000065559	intragenic
ENSG00000265503	MIR1269B	miRNA	17	12917268	12917342	-1	ARHGAP44	ENSG00000006740	antisense
ENSG00000221698	MIR548H3	miRNA	17	13543529	13543646	-1	HS3ST3A1	ENSG00000153976	intragenic
ENSG00000283805	MIR636	miRNA	17	76736450	76736548	-1		ENSG00000267168	antisense
ENSG00000283805	MIR636	miRNA	17	76736450	76736548	-1	MFSD11	ENSG00000092931	antisense
ENSG00000283805	MIR636	miRNA	17	76736450	76736548	-1	SRSF2	ENSG00000161547	intragenic
ENSG00000284250	MIR6516	miRNA	17	77089417	77089497	1	SNHG20	ENSG00000234912	intragenic
ENSG00000284250	MIR6516	miRNA	17	77089417	77089497	1	SEC14L1	ENSG00000129657	intragenic
ENSG00000264060	MIR4316	miRNA	17	77396984	77397054	-1	SEPTIN9	ENSG00000184640	antisense
ENSG00000265110	MIR4731	miRNA	17	15251627	15251696	-1	PMP22	ENSG00000109099	intragenic
ENSG00000221540	MIR1180	miRNA	17	19344506	19344574	-1	B9D1	ENSG00000108641	intragenic
ENSG00000277784	MIR6786	miRNA	17	81693757	81693869	1	HGS	ENSG00000185359	intragenic
ENSG00000283853	MIR4738	miRNA	17	75784521	75784607	-1	H3-3B	ENSG00000132475	intragenic
ENSG00000273606	MIR6776	miRNA	17	2692861	2692919	-1	CLUH	ENSG00000132361	intragenic
ENSG00000221200	MIR1253	miRNA	17	2748078	2748182	-1	hsa-mir-1253	ENSG00000272920	antisense
ENSG00000221200	MIR1253	miRNA	17	2748078	2748182	-1	CCDC92B	ENSG00000277200	intragenic
ENSG00000284542	MIR3614	miRNA	17	56891270	56891355	-1		ENSG00000262112	antisense
ENSG00000284542	MIR3614	miRNA	17	56891270	56891355	-1	TRIM25	ENSG00000121060	intragenic
ENSG00000275360	MIR6868	miRNA	17	76098019	76098076	-1	EXOC7	ENSG00000182473	intragenic
ENSG00000211514	MIR454	miRNA	17	59137758	59137872	-1	SKA2	ENSG00000182628	intragenic
ENSG00000207996	MIR301A	miRNA	17	59151136	59151221	-1	SKA2	ENSG00000182628	intragenic
ENSG00000267200	MIR132	miRNA	17	2049908	2050008	-1	DPH1-AS1	ENSG00000263050	intragenic
ENSG00000267195	MIR212	miRNA	17	2050271	2050380	-1	DPH1-AS1	ENSG00000263050	intragenic
ENSG00000265031		miRNA	17	64425069	64425170	-1	PECAM1	ENSG00000261371	intragenic
ENSG00000284564	MIR3064	miRNA	17	64500774	64500839	-1	DDX5	ENSG00000108654	intragenic
ENSG00000284368	MIR5047	miRNA	17	64501214	64501313	-1	DDX5	ENSG00000108654	intragenic
ENSG00000264511	MIR3678	miRNA	17	75406069	75406162	1			intergenic
ENSG00000283774	MIR632	miRNA	17	32350109	32350202	1		ENSG00000265794	intragenic
ENSG00000283929	MIR5010	miRNA	17	42514188	42514307	1	ATP6V0A1	ENSG00000033627	intragenic
ENSG00000264314	MIR548AT	miRNA	17	42494773	42494830	1	ATP6V0A1	ENSG00000033627	intragenic
ENSG00000275107	MIR6782	miRNA	17	44207771	44207839	-1	ATXN7L3-AS1	ENSG00000267394	antisense
ENSG00000275107	MIR6782	miRNA	17	44207771	44207839	-1	UBTF	ENSG00000108312	intragenic
ENSG00000276326	MIR2909	miRNA	17	37033745	37033813	1	AATF	ENSG00000275700	intragenic
ENSG00000275273	MIR6780A	miRNA	17	42708084	42708151	-1	EZH1	ENSG00000108799	intragenic
ENSG00000284595	MIR6785	miRNA	17	75498548	75498628	1	TMEM94	ENSG00000177728	intragenic
ENSG00000207736	MIR657	miRNA	17	81125276	81125373	-1	AATK	ENSG00000181409	intragenic
ENSG00000211563	MIR3065	miRNA	17	81125877	81125955	1	AATK	ENSG00000181409	antisense
ENSG00000283604	MIR338	miRNA	17	81125883	81125949	-1	AATK	ENSG00000181409	intragenic
ENSG00000221025	MIR1250	miRNA	17	81133196	81133308	-1	AATK	ENSG00000181409	intragenic
ENSG00000264429	MIR3183	miRNA	17	1022476	1022559	-1	ABR	ENSG00000159842	intragenic
ENSG00000266107	MIR4525	miRNA	17	82668233	82668307	-1	RAB40B	ENSG00000141542	intragenic
ENSG00000274620	MIR378J	miRNA	17	37614931	37615039	-1		ENSG00000277688	antisense
ENSG00000274620	MIR378J	miRNA	17	37614931	37615039	-1	DDX52	ENSG00000278053	intragenic
ENSG00000284565	MIR451A	miRNA	17	28861369	28861440	-1		ENSG00000264066	intragenic
ENSG00000283364	MIR451B	miRNA	17	28861371	28861438	1		ENSG00000264066	antisense
ENSG00000283819	MIR144	miRNA	17	28861533	28861618	-1		ENSG00000264066	intragenic
ENSG00000284085	MIR4732	miRNA	17	28861655	28861730	-1		ENSG00000264066	intragenic
ENSG00000284112	MIR195	miRNA	17	7017615	7017701	-1	MIR497HG	ENSG00000267532	intragenic
ENSG00000284027	MIR497	miRNA	17	7017911	7018022	-1	MIR497HG	ENSG00000267532	intragenic
ENSG00000199053	MIR324	miRNA	17	7223297	7223379	-1	ACADVL	ENSG00000072778	antisense
ENSG00000263857	MIR4729	miRNA	17	59366083	59366154	1	YPEL2	ENSG00000175155	intragenic
ENSG00000265444	MIR4733	miRNA	17	31094350	31094425	-1	MIR4733HG	ENSG00000264107	intragenic
ENSG00000265331	MIR4524B	miRNA	17	69099542	69099656	1	ABCA6	ENSG00000154262	antisense
ENSG00000283385	MIR4524A	miRNA	17	69099564	69099632	-1	ABCA6	ENSG00000154262	intragenic
ENSG00000283796	MIR6510	miRNA	17	41517164	41517217	-1	KRT15	ENSG00000171346	intragenic
ENSG00000266665	MIR4739	miRNA	17	79707176	79707249	-1		ENSG00000306583	intragenic
ENSG00000284424	MIR4724	miRNA	17	31534883	31534971	1	RAB11FIP4	ENSG00000131242	intragenic
ENSG00000207614	MIR193A	miRNA	17	31559996	31560083	1			intergenic
ENSG00000265976	MIR4725	miRNA	17	31575269	31575358	1	MIR365BHG	ENSG00000228768	intragenic
ENSG00000283978	MIR365B	miRNA	17	31575411	31575521	1	MIR365BHG	ENSG00000228768	intragenic
ENSG00000284055	MIR4315-1	miRNA	17	45475363	45475435	-1	PLEKHM1	ENSG00000225190	intragenic
ENSG00000221355	MIR1288	miRNA	17	16282014	16282088	1	PIGL	ENSG00000108474	intragenic
ENSG00000275238	MIR4734	miRNA	17	38702262	38702331	-1		ENSG00000275532	intragenic
ENSG00000273627	MIR4726	miRNA	17	38719691	38719748	1		ENSG00000275665	antisense
ENSG00000273627	MIR4726	miRNA	17	38719691	38719748	1	MLLT6	ENSG00000275023	intragenic
ENSG00000274054	MIR4727	miRNA	17	38825838	38825892	1			intergenic
ENSG00000207552	MIR633	miRNA	17	62944215	62944312	1		ENSG00000283538	antisense
ENSG00000274300	MIR6864	miRNA	17	4969702	4969771	-1		ENSG00000234203	antisense
ENSG00000274300	MIR6864	miRNA	17	4969702	4969771	-1	CAMTA2	ENSG00000108509	intragenic
ENSG00000278517	MIR6865	miRNA	17	4970086	4970150	-1		ENSG00000234203	antisense
ENSG00000278517	MIR6865	miRNA	17	4970086	4970150	-1	CAMTA2	ENSG00000108509	intragenic
ENSG00000264961	MIR4730	miRNA	17	80419418	80419493	1	ENDOV	ENSG00000173818	intragenic
ENSG00000265561	MIR1268B	miRNA	17	80098828	80098877	1	CCDC40	ENSG00000141519	intragenic
ENSG00000264999	MIR5089	miRNA	17	46973017	46973100	1		ENSG00000262633	intragenic
ENSG00000264999	MIR5089	miRNA	17	46973017	46973100	1	GOSR2	ENSG00000108433	intragenic
ENSG00000284353	MIR142	miRNA	17	58331232	58331318	-1	TSPOAP1-AS1	ENSG00000265148	antisense
ENSG00000284353	MIR142	miRNA	17	58331232	58331318	-1	MIR142HG	ENSG00000265206	intragenic
ENSG00000264399	MIR4736	miRNA	17	58335976	58336022	-1	TSPOAP1-AS1	ENSG00000265148	antisense
ENSG00000264399	MIR4736	miRNA	17	58335976	58336022	-1		ENSG00000302963	intragenic
ENSG00000284162	MIR4523	miRNA	17	29390662	29390730	1		ENSG00000266111	intragenic
ENSG00000284162	MIR4523	miRNA	17	29390662	29390730	1		ENSG00000264808	antisense
ENSG00000284162	MIR4523	miRNA	17	29390662	29390730	1	TAOK1	ENSG00000160551	intragenic
ENSG00000283772	MIR6778	miRNA	17	18340814	18340886	-1	SHMT1	ENSG00000176974	intragenic
ENSG00000284038	MIR10A	miRNA	17	48579838	48579947	-1		ENSG00000257178	intragenic
ENSG00000284038	MIR10A	miRNA	17	48579838	48579947	-1	HOXB-AS3	ENSG00000233101	antisense
ENSG00000284038	MIR10A	miRNA	17	48579838	48579947	-1	HOXB3	ENSG00000120093	intragenic
ENSG00000210741	MIR196A1	miRNA	17	48632490	48632559	-1	HOXB-AS4	ENSG00000242207	antisense
ENSG00000210741	MIR196A1	miRNA	17	48632490	48632559	-1	HOXB7	ENSG00000260027	intragenic
ENSG00000284186	MIR3615	miRNA	17	74748613	74748699	1	SLC9A3R1-AS1	ENSG00000266036	antisense
ENSG00000284186	MIR3615	miRNA	17	74748613	74748699	1	NHERF1	ENSG00000109062	intragenic
ENSG00000263690	MIR548D2	miRNA	17	67471489	67471585	-1	PITPNC1	ENSG00000154217	antisense
ENSG00000207688	MIR548AA2	miRNA	17	67471489	67471585	1	PITPNC1	ENSG00000154217	intragenic
ENSG00000284574	MIR6787	miRNA	17	82236668	82236728	1	SLC16A3	ENSG00000141526	intragenic
ENSG00000284344	MIR2117	miRNA	17	43444806	43444885	1	MIR2117HG	ENSG00000267151	intragenic
ENSG00000277249	MIR6784	miRNA	17	45114367	45114433	-1	PLCD3	ENSG00000161714	intragenic
ENSG00000278223	MIR6783	miRNA	17	44934618	44934681	-1	KIF18B	ENSG00000186185	intragenic
ENSG00000264049	MIR4737	miRNA	17	60043025	60043105	-1	HEATR6	ENSG00000068097	intragenic
ENSG00000264468	MIR4520-1	miRNA	17	6655440	6655509	-1	C17orf100	ENSG00000256806	antisense
ENSG00000283301	MIR4520-2	miRNA	17	6655449	6655502	1	C17orf100	ENSG00000256806	intragenic
ENSG00000277057	MIR6779	miRNA	17	38914979	38915042	1	LASP1	ENSG00000002834	intragenic
ENSG00000278581	MIR6080	miRNA	17	64780759	64780824	1		ENSG00000291117	antisense
ENSG00000278581	MIR6080	miRNA	17	64780759	64780824	1		ENSG00000303915	intragenic
ENSG00000278581	MIR6080	miRNA	17	64780759	64780824	1	ARHGAP27P1-BPTFP1-KPNA2P3	ENSG00000215769	antisense
ENSG00000284172	MIR4315-2	miRNA	17	64822030	64822102	-1		ENSG00000291117	intragenic
ENSG00000284172	MIR4315-2	miRNA	17	64822030	64822102	-1	PLEKHM1P1	ENSG00000214176	intragenic
ENSG00000284172	MIR4315-2	miRNA	17	64822030	64822102	-1		ENSG00000293669	intragenic
ENSG00000263602	MIR3185	miRNA	17	48724408	48724475	-1	PRAC2	ENSG00000229637	antisense
ENSG00000207947	MIR152	miRNA	17	48037161	48037247	-1	COPZ2	ENSG00000005243	intragenic
ENSG00000221739	MIR1203	miRNA	17	48156427	48156511	-1	SKAP1	ENSG00000141293	intragenic
ENSG00000284190	MIR21	miRNA	17	59841266	59841337	1	VMP1	ENSG00000062716	intragenic
ENSG00000274111	MIR6777	miRNA	17	17813480	17813545	-1	SREBF1	ENSG00000072310	intragenic
ENSG00000207839	MIR33B	miRNA	17	17813836	17813931	-1	SREBF1	ENSG00000072310	intragenic
ENSG00000283721	MIR6884	miRNA	17	40026332	40026409	-1	MED24	ENSG00000008838	intragenic
ENSG00000284144	MIR6866	miRNA	17	40161933	40162001	1	CASC3	ENSG00000108349	intragenic
ENSG00000274621	MIR6867	miRNA	17	40193597	40193663	1	RAPGEFL1	ENSG00000108352	intragenic
ENSG00000265178	MIR4728	miRNA	17	39726495	39726561	1	ERBB2	ENSG00000141736	intragenic
ENSG00000283532	MIR4317	miRNA	18	6374361	6374425	-1	L3MBTL4	ENSG00000154655	intragenic
ENSG00000283218	MIR302F	miRNA	18	30298910	30298960	1		ENSG00000286605	intragenic
ENSG00000283514	MIR3975	miRNA	18	35591737	35591806	1	GALNT1	ENSG00000141429	intragenic
ENSG00000266530	MIR4318	miRNA	18	37657135	37657215	1		ENSG00000285940	intragenic
ENSG00000283615	MIR924	miRNA	18	39622123	39622175	-1	MIR924HG	ENSG00000267374	intragenic
ENSG00000283645	MIR5583-2	miRNA	18	39676719	39676777	-1	MIR924HG	ENSG00000267374	intragenic
ENSG00000266148	MIR5583-1	miRNA	18	39676721	39676779	1	MIR924HG	ENSG00000267374	antisense
ENSG00000266276	MIR4743	miRNA	18	48670600	48670668	1	CTIF	ENSG00000134030	intragenic
ENSG00000263354	MIR5011	miRNA	18	67081584	67081686	1			intergenic
ENSG00000263750	MIR548AV	miRNA	18	72853321	72853382	-1	NETO1	ENSG00000166342	intragenic
ENSG00000263849	MIR4744	miRNA	18	49049687	49049768	-1	DYM	ENSG00000141627	intragenic
ENSG00000284239	MIR1539	miRNA	18	49487373	49487422	1	RPL17-C18orf32	ENSG00000215472	antisense
ENSG00000284239	MIR1539	miRNA	18	49487373	49487422	1		ENSG00000265496	intragenic
ENSG00000264571	MIR4529	miRNA	18	55479221	55479298	1	TCF4-AS1	ENSG00000267028	intragenic
ENSG00000264571	MIR4529	miRNA	18	55479221	55479298	1	TCF4	ENSG00000196628	antisense
ENSG00000284440	MIR122	miRNA	18	58451074	58451158	1	MIR122HG	ENSG00000267391	intragenic
ENSG00000207778	MIR3591	miRNA	18	58451080	58451152	-1	MIR122HG	ENSG00000267391	antisense
ENSG00000274838	MIR6788	miRNA	18	10759584	10759649	-1	PIEZO2	ENSG00000154864	intragenic
ENSG00000221493	MIR320C1	miRNA	18	21683510	21683597	1	ABHD3	ENSG00000158201	antisense
ENSG00000265957	MIR4319	miRNA	18	44970082	44970166	-1	SETBP1	ENSG00000152217	antisense
ENSG00000266146	MIR5190	miRNA	18	13459947	13460026	1	LDLRAD4	ENSG00000168675	intragenic
ENSG00000263527	MIR4526	miRNA	18	13611114	13611200	1	LDLRAD4	ENSG00000168675	intragenic
ENSG00000277521	MIR8078	miRNA	18	112256	112339	-1	ROCK1P1	ENSG00000290877	antisense
ENSG00000265499	MIR3156-2	miRNA	18	14830166	14830242	1	ANKRD30B	ENSG00000180777	intragenic
ENSG00000283927	MIR133A1	miRNA	18	21825698	21825785	-1	MIR133A1HG	ENSG00000265142	intragenic
ENSG00000283927	MIR133A1	miRNA	18	21825698	21825785	-1	MIB1	ENSG00000101752	antisense
ENSG00000284453	MIR1-2	miRNA	18	21829004	21829088	-1	MIR133A1HG	ENSG00000265142	intragenic
ENSG00000284453	MIR1-2	miRNA	18	21829004	21829088	-1	MIB1	ENSG00000101752	antisense
ENSG00000272380	MIR3976	miRNA	18	5840695	5840833	1	MIR3976HG	ENSG00000261738	intragenic
ENSG00000283343	MIR4320	miRNA	18	50126499	50126563	-1	MYO5B	ENSG00000167306	intragenic
ENSG00000283492	MIR7153	miRNA	18	11654885	11654941	-1		ENSG00000291183	intragenic
ENSG00000275518	MIR6718	miRNA	18	3885353	3885432	1	DLGAP1-AS3	ENSG00000263724	intragenic
ENSG00000275518	MIR6718	miRNA	18	3885353	3885432	1	DLGAP1	ENSG00000170579	antisense
ENSG00000263872	MIR4528	miRNA	18	53237101	53237190	1	DCC	ENSG00000187323	intragenic
ENSG00000284331	MIR4741	miRNA	18	22933349	22933438	1	RBBP8-AS1	ENSG00000266850	antisense
ENSG00000284331	MIR4741	miRNA	18	22933349	22933438	1	RBBP8	ENSG00000101773	intragenic
ENSG00000276221	MIR8057	miRNA	18	26591467	26591535	-1	KCTD1	ENSG00000134504	intragenic
ENSG00000212051	MIR320C2	miRNA	18	24321686	24321735	1	OSBPL1A	ENSG00000141447	antisense
ENSG00000266582	MIR4527	miRNA	18	47380496	47380565	1	MIR4527HG	ENSG00000267761	intragenic
ENSG00000207797	MIR187	miRNA	18	35904818	35904926	-1		ENSG00000300759	intragenic
ENSG00000265641	MIR3929	miRNA	18	35934088	35934142	-1		ENSG00000300759	intragenic
ENSG00000283801	MIR1302-11	miRNA	19	71973	72110	1	WASH5P	ENSG00000292982	antisense
ENSG00000283801	MIR1302-11	miRNA	19	71973	72110	1		ENSG00000282807	intragenic
ENSG00000277904	MIR7850	miRNA	19	2630715	2630793	1	GNG7	ENSG00000176533	antisense
ENSG00000265407	MIR4324	miRNA	19	49308797	49308868	-1	SLC6A16	ENSG00000063127	intragenic
ENSG00000266559	MIR4530	miRNA	19	39409623	39409678	-1	ZFP36	ENSG00000128016	antisense
ENSG00000211513	MIR320E	miRNA	19	46709293	46709345	-1	PRKD2	ENSG00000105287	intragenic
ENSG00000283950	MIR6791	miRNA	19	6736712	6736778	-1	GPR108	ENSG00000125734	intragenic
ENSG00000284361	MIR4745	miRNA	19	804940	805001	1	PTBP1	ENSG00000011304	intragenic
ENSG00000263414	MIR3187	miRNA	19	813584	813653	1	PLPPR3	ENSG00000129951	antisense
ENSG00000211580	MIR769	miRNA	19	46018932	46019049	1	CCDC61	ENSG00000104983	intragenic
ENSG00000284394	MIR4750	miRNA	19	49888175	49888230	1	TBC1D17	ENSG00000104946	intragenic
ENSG00000283842	MIR4751	miRNA	19	49933064	49933137	1		ENSG00000269179	antisense
ENSG00000283842	MIR4751	miRNA	19	49933064	49933137	1	ATF5	ENSG00000169136	intragenic
ENSG00000284553	MIR6886	miRNA	19	11113474	11113534	1	LDLR	ENSG00000130164	intragenic
ENSG00000275652	MIR6796	miRNA	19	40369846	40369907	1	PLD3	ENSG00000105223	intragenic
ENSG00000284065	MIR6887	miRNA	19	35122700	35122764	1		ENSG00000285526	intragenic
ENSG00000284065	MIR6887	miRNA	19	35122700	35122764	1	FXYD3	ENSG00000089356	intragenic
ENSG00000266721	MIR5695	miRNA	19	12920320	12920404	1			intergenic
ENSG00000274417	MIR6515	miRNA	19	12940484	12940540	1	CALR	ENSG00000179218	intragenic
ENSG00000284029	MIR6805	miRNA	19	55388181	55388242	1	RPL28	ENSG00000108107	intragenic
ENSG00000284029	MIR6805	miRNA	19	55388181	55388242	1	UBE2S	ENSG00000108106	antisense
ENSG00000266204	MIR5589	miRNA	19	10038354	10038413	1	C3P1	ENSG00000167798	intragenic
ENSG00000266204	MIR5589	miRNA	19	10038354	10038413	1		ENSG00000299206	intragenic
ENSG00000264266	MIR4322	miRNA	19	10230413	10230485	1	S1PR2	ENSG00000267534	antisense
ENSG00000264266	MIR4322	miRNA	19	10230413	10230485	1	DNMT1	ENSG00000130816	antisense
ENSG00000207550	MIR99B	miRNA	19	51692612	51692681	1	SPACA6-AS1	ENSG00000269959	antisense
ENSG00000207550	MIR99B	miRNA	19	51692612	51692681	1	SPACA6	ENSG00000182310	intragenic
ENSG00000198972	MIRLET7E	miRNA	19	51692786	51692864	1	SPACA6-AS1	ENSG00000269959	antisense
ENSG00000198972	MIRLET7E	miRNA	19	51692786	51692864	1	SPACA6	ENSG00000182310	intragenic
ENSG00000208008	MIR125A	miRNA	19	51693254	51693339	1	SPACA6-AS1	ENSG00000269959	antisense
ENSG00000208008	MIR125A	miRNA	19	51693254	51693339	1	SPACA6	ENSG00000182310	intragenic
ENSG00000276270	MIR6799	miRNA	19	49791866	49791934	1	AP2A1	ENSG00000196961	intragenic
ENSG00000284114	MIR6800	miRNA	19	49832018	49832099	1	MED25	ENSG00000104973	intragenic
ENSG00000265954	MIR4749	miRNA	19	49854591	49854651	1		ENSG00000268047	antisense
ENSG00000265954	MIR4749	miRNA	19	49854591	49854651	1	PTOV1	ENSG00000104960	intragenic
ENSG00000265390	MIR4999	miRNA	19	8389290	8389380	-1	RAB11B-AS1	ENSG00000269386	intragenic
ENSG00000207782	MIR150	miRNA	19	49500785	49500868	-1			intergenic
ENSG00000274306	MIR5088	miRNA	19	49682117	49682195	1	PRMT1	ENSG00000126457	intragenic
ENSG00000266437	MIR4746	miRNA	19	4445978	4446048	1	UBXN6	ENSG00000167671	antisense
ENSG00000273898	MIR6798	miRNA	19	49009906	49009972	1	RUVBL2	ENSG00000183207	intragenic
ENSG00000207645	MIR512-1	miRNA	19	53666679	53666762	1		ENSG00000269842	intragenic
ENSG00000207644	MIR512-2	miRNA	19	53669157	53669254	1		ENSG00000269842	intragenic
ENSG00000221017	MIR1323	miRNA	19	53671968	53672040	1		ENSG00000269842	intragenic
ENSG00000207869	MIR498	miRNA	19	53674197	53674320	1		ENSG00000269842	intragenic
ENSG00000207599	MIR520E	miRNA	19	53675711	53675797	1		ENSG00000269842	intragenic
ENSG00000207616	MIR515-1	miRNA	19	53679003	53679085	1		ENSG00000269842	intragenic
ENSG00000207810	MIR519E	miRNA	19	53679940	53680023	1		ENSG00000269842	intragenic
ENSG00000283540	MIR520F	miRNA	19	53682159	53682245	1		ENSG00000269842	intragenic
ENSG00000207615	MIR515-2	miRNA	19	53685009	53685091	1		ENSG00000269842	intragenic
ENSG00000207788	MIR519C	miRNA	19	53686469	53686555	1		ENSG00000269842	intragenic
ENSG00000221421	MIR1283-1	miRNA	19	53688481	53688567	1		ENSG00000269842	intragenic
ENSG00000207594	MIR520A	miRNA	19	53690881	53690965	1		ENSG00000269842	intragenic
ENSG00000207580	MIR526B	miRNA	19	53694393	53694475	1		ENSG00000269842	intragenic
ENSG00000207825	MIR519B	miRNA	19	53695213	53695293	1		ENSG00000269842	intragenic
ENSG00000207711	MIR525	miRNA	19	53697533	53697617	1		ENSG00000269842	intragenic
ENSG00000283455	MIR523	miRNA	19	53698385	53698471	1		ENSG00000269842	intragenic
ENSG00000207706	MIR518F	miRNA	19	53700015	53700101	1		ENSG00000269842	intragenic
ENSG00000207722	MIR520B	miRNA	19	53701227	53701287	1		ENSG00000269842	intragenic
ENSG00000207862	MIR518B	miRNA	19	53702737	53702819	1		ENSG00000269842	intragenic
ENSG00000207629	MIR526A1	miRNA	19	53706252	53706336	1		ENSG00000269842	intragenic
ENSG00000207738	MIR520C	miRNA	19	53707453	53707539	1		ENSG00000269842	intragenic
ENSG00000283490	MIR518C	miRNA	19	53708735	53708835	1		ENSG00000269842	intragenic
ENSG00000283289	MIR524	miRNA	19	53711002	53711088	1		ENSG00000269842	intragenic
ENSG00000207734	MIR517A	miRNA	19	53712268	53712354	1		ENSG00000269842	intragenic
ENSG00000207981	MIR519D	miRNA	19	53713347	53713434	1		ENSG00000269842	intragenic
ENSG00000207549	MIR521-2	miRNA	19	53716594	53716680	1		ENSG00000269842	intragenic
ENSG00000207735	MIR520D	miRNA	19	53720096	53720182	1		ENSG00000269842	intragenic
ENSG00000207837	MIR517B	miRNA	19	53721076	53721142	1		ENSG00000269842	intragenic
ENSG00000207799	MIR520G	miRNA	19	53722166	53722255	1		ENSG00000269842	intragenic
ENSG00000207925	MIR516B2	miRNA	19	53725442	53725526	1		ENSG00000269842	intragenic
ENSG00000211532	MIR526A2	miRNA	19	53726922	53726986	1		ENSG00000269842	intragenic
ENSG00000207987	MIR518E	miRNA	19	53729838	53729925	1		ENSG00000269842	intragenic
ENSG00000207803	MIR518A1	miRNA	19	53731006	53731090	1		ENSG00000269842	intragenic
ENSG00000283330	MIR518D	miRNA	19	53734877	53734963	1		ENSG00000269842	intragenic
ENSG00000207946	MIR516B1	miRNA	19	53736845	53736934	1		ENSG00000269842	intragenic
ENSG00000207699	MIR518A2	miRNA	19	53739333	53739419	1		ENSG00000269842	intragenic
ENSG00000207838	MIR517C	miRNA	19	53741313	53741407	1		ENSG00000269842	intragenic
ENSG00000207861	MIR520H	miRNA	19	53742512	53742599	1		ENSG00000269842	intragenic
ENSG00000207634	MIR521-1	miRNA	19	53748636	53748722	1		ENSG00000269842	intragenic
ENSG00000283685	MIR522	miRNA	19	53751211	53751297	1		ENSG00000269842	intragenic
ENSG00000207992	MIR519A1	miRNA	19	53752397	53752481	1		ENSG00000269842	intragenic
ENSG00000207979	MIR527	miRNA	19	53754018	53754102	1		ENSG00000269842	intragenic
ENSG00000207767	MIR516A1	miRNA	19	53756741	53756830	1		ENSG00000269842	intragenic
ENSG00000221548	MIR1283-2	miRNA	19	53758232	53758318	1		ENSG00000269842	intragenic
ENSG00000207620	MIR516A2	miRNA	19	53761133	53761222	1		ENSG00000269842	intragenic
ENSG00000284362	MIR519A2	miRNA	19	53762344	53762430	1		ENSG00000269842	intragenic
ENSG00000284216	MIR1909	miRNA	19	1816159	1816238	-1	REXO1	ENSG00000079313	intragenic
ENSG00000283728	MIR7108	miRNA	19	2434914	2435000	-1	LMNB2	ENSG00000176619	intragenic
ENSG00000283822	MIR639	miRNA	19	14529543	14529640	1	TECR	ENSG00000099797	intragenic
ENSG00000283822	MIR639	miRNA	19	14529543	14529640	1	DNAJB1	ENSG00000132002	antisense
ENSG00000277533	MIR8077	miRNA	19	42351131	42351205	1	MEGF8	ENSG00000105429	intragenic
ENSG00000273657	MIR6792	miRNA	19	7617439	7617505	1	CAMSAP3	ENSG00000076826	intragenic
ENSG00000263800	MIR5684	miRNA	19	12787128	12787192	1	HOOK2	ENSG00000095066	antisense
ENSG00000276181	MIR6794	miRNA	19	12852260	12852327	1	MAST1	ENSG00000105613	intragenic
ENSG00000276181	MIR6794	miRNA	19	12852260	12852327	1	HOOK2	ENSG00000095066	antisense
ENSG00000275711	MIR6795	miRNA	19	15179283	15179350	-1	NOTCH3	ENSG00000074181	intragenic
ENSG00000284387	MIR24-2	miRNA	19	13836287	13836359	-1		ENSG00000302686	antisense
ENSG00000284387	MIR24-2	miRNA	19	13836287	13836359	-1	MIR23AHG	ENSG00000267519	intragenic
ENSG00000207808	MIR27A	miRNA	19	13836440	13836517	-1	MIR23AHG	ENSG00000267519	intragenic
ENSG00000207980	MIR23A	miRNA	19	13836587	13836659	-1	MIR23AHG	ENSG00000267519	intragenic
ENSG00000207613	MIR181C	miRNA	19	13874699	13874808	1		ENSG00000298327	antisense
ENSG00000207613	MIR181C	miRNA	19	13874699	13874808	1	NANOS3	ENSG00000187556	intragenic
ENSG00000207585	MIR181D	miRNA	19	13874875	13875011	1	NANOS3	ENSG00000187556	intragenic
ENSG00000284081	MIR1199	miRNA	19	14073361	14073479	1	MISP3	ENSG00000141854	intragenic
ENSG00000221410	MIR1238	miRNA	19	10552122	10552204	1	ATG4D	ENSG00000130734	intragenic
ENSG00000207972	MIR638	miRNA	19	10718404	10718503	1	DNM2	ENSG00000079805	intragenic
ENSG00000265879	MIR4748	miRNA	19	10780254	10780335	1	DNM2	ENSG00000079805	intragenic
ENSG00000207752	MIR199A1	miRNA	19	10817426	10817496	-1	DNM2	ENSG00000079805	antisense
ENSG00000275640	MIR6793	miRNA	19	10828973	10829035	1	DNM2	ENSG00000079805	intragenic
ENSG00000266226	MIR4323	miRNA	19	42133445	42133513	-1	LNROP	ENSG00000254887	antisense
ENSG00000266226	MIR4323	miRNA	19	42133445	42133513	-1	POU2F2	ENSG00000028277	intragenic
ENSG00000207773	MIR642A	miRNA	19	45674928	45675024	1	GIPR	ENSG00000010310	intragenic
ENSG00000283212	MIR642B	miRNA	19	45674932	45675008	-1	GIPR	ENSG00000010310	antisense
ENSG00000274390	MIR6885	miRNA	19	6389638	6389703	-1		ENSG00000269444	intragenic
ENSG00000274390	MIR6885	miRNA	19	6389638	6389703	-1	GTF2F1	ENSG00000125651	intragenic
ENSG00000273758	MIR6790	miRNA	19	6392921	6392983	-1	GTF2F1	ENSG00000125651	intragenic
ENSG00000284159	MIR3940	miRNA	19	6416410	6416511	-1	KHSRP	ENSG00000088247	intragenic
ENSG00000264703	MIR4752	miRNA	19	54282109	54282180	1			intergenic
ENSG00000199031	MIR371A	miRNA	19	53787675	53787741	1		ENSG00000269564	intragenic
ENSG00000199031	MIR371A	miRNA	19	53787675	53787741	1		ENSG00000269877	antisense
ENSG00000284568	MIR371B	miRNA	19	53787677	53787742	-1		ENSG00000269564	antisense
ENSG00000284568	MIR371B	miRNA	19	53787677	53787742	-1		ENSG00000269877	intragenic
ENSG00000199095	MIR372	miRNA	19	53787890	53787956	1		ENSG00000269564	intragenic
ENSG00000199095	MIR372	miRNA	19	53787890	53787956	1		ENSG00000269877	antisense
ENSG00000199143	MIR373	miRNA	19	53788705	53788773	1		ENSG00000269564	intragenic
ENSG00000284583	MIR935	miRNA	19	53982307	53982397	1	CACNG8	ENSG00000142408	intragenic
ENSG00000283928	MIR637	miRNA	19	3961414	3961512	-1	DAPK3	ENSG00000167657	intragenic
ENSG00000221411	MIR1227	miRNA	19	2234062	2234149	-1	PLEKHJ1	ENSG00000104886	intragenic
ENSG00000284129	MIR6789	miRNA	19	2235829	2235926	-1	PLEKHJ1	ENSG00000104886	intragenic
ENSG00000284272	MIR4321	miRNA	19	2250639	2250718	1	AMH	ENSG00000104899	intragenic
ENSG00000277759	MIR6719	miRNA	19	39829716	39829802	-1	DYRK1B	ENSG00000105204	intragenic
ENSG00000275924	MIR6807	miRNA	19	58550285	58550376	1	TRIM28	ENSG00000130726	intragenic
ENSG00000277636	MIR8061	miRNA	19	54645309	54645383	1		ENSG00000306214	antisense
ENSG00000277636	MIR8061	miRNA	19	54645309	54645383	1	LILRB4	ENSG00000186818	intragenic
ENSG00000284034	MIR5196	miRNA	19	35345513	35345627	1	CD22	ENSG00000012124	intragenic
ENSG00000284544	MIR330	miRNA	19	45638994	45639087	-1	EML2	ENSG00000125746	intragenic
ENSG00000263409	MIR4747	miRNA	19	4932687	4932740	1	UHRF1	ENSG00000276043	intragenic
ENSG00000276926	MIR6797	miRNA	19	41869627	41869698	1	RPS19	ENSG00000105372	intragenic
ENSG00000274713	MIR7974	miRNA	19	11495544	11495622	-1		ENSG00000267477	intragenic
ENSG00000274713	MIR7974	miRNA	19	11495544	11495622	-1	ZNF653	ENSG00000161914	intragenic
ENSG00000265134	MIR3190	miRNA	19	47226942	47227021	1	BBC3	ENSG00000105327	antisense
ENSG00000284411	MIR3191	miRNA	19	47226944	47227019	-1	BBC3	ENSG00000105327	intragenic
ENSG00000207631	MIR641	miRNA	19	40282543	40282641	-1	AKT2	ENSG00000105221	intragenic
ENSG00000207630	MIR7-3	miRNA	19	4770670	4770779	1		ENSG00000268536	antisense
ENSG00000207630	MIR7-3	miRNA	19	4770670	4770779	1	MIR7-3HG	ENSG00000176840	intragenic
ENSG00000274380	MIR6801	miRNA	19	52222020	52222098	1	PPP2R1A	ENSG00000105568	intragenic
ENSG00000208002	MIR643	miRNA	19	52281797	52281893	1	ZNF766	ENSG00000196214	intragenic
ENSG00000277588	MIR6806	miRNA	19	58334688	58334751	1	ZSCAN22	ENSG00000182318	intragenic
ENSG00000266640	MIR4754	miRNA	19	58386770	58386858	-1	RPS5	ENSG00000083845	antisense
ENSG00000283673	MIR4531	miRNA	19	44653686	44653732	-1	CEACAM16-AS1	ENSG00000266903	intragenic
ENSG00000283673	MIR4531	miRNA	19	44653686	44653732	-1	PVR	ENSG00000073008	antisense
ENSG00000284258	MIR8085	miRNA	19	44758657	44758721	1	BCL3	ENSG00000069399	intragenic
ENSG00000267959	MIR3188	miRNA	19	18282077	18282161	1		ENSG00000297373	intragenic
ENSG00000264175	MIR3189	miRNA	19	18386562	18386634	1	GDF15	ENSG00000130513	intragenic
ENSG00000275726	MIR6088	miRNA	19	45436654	45436704	1	ERCC1	ENSG00000012061	antisense
ENSG00000207821	MIR640	miRNA	19	19435063	19435158	1	GATAD2A	ENSG00000167491	intragenic
ENSG00000238517	MIR1270	miRNA	19	20399272	20399354	-1	ZNF826P	ENSG00000231205	intragenic
ENSG00000238517	MIR1270	miRNA	19	20399272	20399354	-1		ENSG00000291130	intragenic
ENSG00000278617	MIR8074	miRNA	19	51206929	51207009	-1		ENSG00000268595	intragenic
ENSG00000284268	MIR1181	miRNA	19	10403458	10403538	-1	CDC37	ENSG00000105401	intragenic
ENSG00000269782	MIR1470	miRNA	19	15449548	15449608	1	WIZ	ENSG00000011451	antisense
ENSG00000275863	MIR7975	miRNA	19	55123225	55123292	-1			intergenic
ENSG00000275519	MIR6804	miRNA	19	55230885	55230952	-1	PPP6R1	ENSG00000105063	intragenic
ENSG00000278328	MIR6802	miRNA	19	55239912	55239976	-1	PPP6R1	ENSG00000105063	intragenic
ENSG00000278264	MIR6803	miRNA	19	55245186	55245250	-1	PPP6R1	ENSG00000105063	intragenic
ENSG00000283394	MIR7515	miRNA	2	6650373	6650439	1	LINC03156	ENSG00000236172	antisense
ENSG00000283394	MIR7515	miRNA	2	6650373	6650439	1		ENSG00000286851	intragenic
ENSG00000265056	MIR548S	miRNA	2	11767444	11767525	1	LPIN1	ENSG00000134324	intragenic
ENSG00000276733	MIR7158	miRNA	2	5974662	5974732	1	SILC1	ENSG00000232044	intragenic
ENSG00000265172	MIR4262	miRNA	2	11836933	11836986	-1	MIR3681HG	ENSG00000224184	antisense
ENSG00000264089	MIR3681	miRNA	2	12199130	12199201	1	MIR3681HG	ENSG00000224184	intragenic
ENSG00000266738	MIR4757	miRNA	2	19348429	19348505	1			intergenic
ENSG00000264370	MIR3125	miRNA	2	12737367	12737444	1		ENSG00000225649	antisense
ENSG00000264370	MIR3125	miRNA	2	12737367	12737444	1	TRIB2	ENSG00000071575	intragenic
ENSG00000265301	MIR548AD	miRNA	2	35471405	35471486	1			intergenic
ENSG00000266078	MIR4432	miRNA	2	60387362	60387445	-1	MIR4432HG	ENSG00000228590	intragenic
ENSG00000264975	MIR4431	miRNA	2	52702522	52702615	-1			intergenic
ENSG00000212036	MIR548BA	miRNA	2	49059603	49059658	1	MIR548BAHG	ENSG00000282890	intragenic
ENSG00000212036	MIR548BA	miRNA	2	49059603	49059658	1	FSHR	ENSG00000170820	antisense
ENSG00000265003	MIR4780	miRNA	2	88082519	88082599	-1	SMYD1	ENSG00000115593	antisense
ENSG00000264793	MIR4771-1	miRNA	2	87194786	87194859	1		ENSG00000204745	intragenic
ENSG00000264857	MIR5696	miRNA	2	101309450	101309534	1		ENSG00000303465	intragenic
ENSG00000264934	MIR4265	miRNA	2	109141490	109141588	-1	SH3RF3	ENSG00000172985	antisense
ENSG00000265965	MIR4266	miRNA	2	109313571	109313625	-1	SH3RF3	ENSG00000172985	antisense
ENSG00000266139	MIR4435-2	miRNA	2	111321013	111321086	-1	MIR4435-2HG	ENSG00000172965	intragenic
ENSG00000263813	MIR3679	miRNA	2	134127125	134127192	1	MGAT5	ENSG00000152127	intragenic
ENSG00000283506	MIR7157	miRNA	2	140586626	140586685	-1	LRP1B	ENSG00000168702	intragenic
ENSG00000266705	MIR4437	miRNA	2	181305593	181305652	-1	LINC01934	ENSG00000234663	antisense
ENSG00000266808	MIR548AE1	miRNA	2	184378975	184379044	1		ENSG00000286980	intragenic
ENSG00000265694	MIR4774	miRNA	2	168582943	168583018	1	CERS6	ENSG00000172292	intragenic
ENSG00000265734	MIR4438	miRNA	2	213758067	213758159	1	SPAG16	ENSG00000144451	intragenic
ENSG00000221240	MIR1258	miRNA	2	179860836	179860908	-1	ZNF385B	ENSG00000144331	intragenic
ENSG00000263363	MIR5702	miRNA	2	226658710	226658793	-1		ENSG00000304396	intragenic
ENSG00000283469	MIR3130-1	miRNA	2	206783234	206783308	-1	FASTKD2	ENSG00000118246	antisense
ENSG00000263468	MIR3130-2	miRNA	2	206783234	206783308	1	FASTKD2	ENSG00000118246	intragenic
ENSG00000263752	MIR3133	miRNA	2	241477905	241477982	1	FARP2	ENSG00000006607	intragenic
ENSG00000221502	MIR1245A	miRNA	2	188978092	188978161	1		ENSG00000304419	antisense
ENSG00000221502	MIR1245A	miRNA	2	188978092	188978161	1	COL3A1	ENSG00000168542	intragenic
ENSG00000283238	MIR1245B	miRNA	2	188978093	188978161	-1		ENSG00000304419	intragenic
ENSG00000283238	MIR1245B	miRNA	2	188978093	188978161	-1	COL3A1	ENSG00000168542	antisense
ENSG00000284180	MIR3606	miRNA	2	188995630	188995692	1	COL3A1	ENSG00000168542	intragenic
ENSG00000265420	MIR4779	miRNA	2	86193026	86193108	-1	IMMT	ENSG00000132305	intragenic
ENSG00000284378	MIR1244-1	miRNA	2	231713314	231713398	1		ENSG00000298362	antisense
ENSG00000284378	MIR1244-1	miRNA	2	231713314	231713398	1	PTMA	ENSG00000187514	intragenic
ENSG00000222246	MIR1471	miRNA	2	231892242	231892298	-1			intergenic
ENSG00000207626	MIR562	miRNA	2	232172653	232172747	1	DIS3L2	ENSG00000144535	intragenic
ENSG00000221288	MIR663B	miRNA	2	132256966	132257080	-1	ANKRD30BL	ENSG00000163046	intragenic
ENSG00000264297	MIR4433B	miRNA	2	64340747	64340848	-1		ENSG00000288932	antisense
ENSG00000264297	MIR4433B	miRNA	2	64340747	64340848	-1		ENSG00000293670	antisense
ENSG00000264297	MIR4433B	miRNA	2	64340747	64340848	-1		ENSG00000238201	intragenic
ENSG00000283222	MIR4433A	miRNA	2	64340759	64340839	1		ENSG00000288932	intragenic
ENSG00000283222	MIR4433A	miRNA	2	64340759	64340839	1		ENSG00000293670	intragenic
ENSG00000283222	MIR4433A	miRNA	2	64340759	64340839	1		ENSG00000238201	antisense
ENSG00000275458	MIR6809	miRNA	2	217900513	217900628	-1	TNS1	ENSG00000079308	intragenic
ENSG00000284149	MIR4784	miRNA	2	131491160	131491236	-1	MZT2A	ENSG00000173272	intragenic
ENSG00000263641	MIR4777	miRNA	2	231362708	231362793	1		ENSG00000294346	antisense
ENSG00000263641	MIR4777	miRNA	2	231362708	231362793	1	ARMC9	ENSG00000135931	intragenic
ENSG00000198973	MIR375	miRNA	2	219001645	219001708	-1			intergenic
ENSG00000264755	MIR3131	miRNA	2	219058688	219058750	-1	IHH	ENSG00000163501	intragenic
ENSG00000207647	MIR153-1	miRNA	2	219294111	219294200	-1	PTPRN	ENSG00000054356	intragenic
ENSG00000216191	MIR8485	miRNA	2	50696172	50696262	-1	NRXN1	ENSG00000179915	intragenic
ENSG00000265682	MIR4267	miRNA	2	110069961	110070042	-1			intergenic
ENSG00000264979	MIR4436B1	miRNA	2	110086433	110086523	-1	MALL	ENSG00000144063	intragenic
ENSG00000263881	MIR4436B2	miRNA	2	110284853	110284943	1	MALLP1	ENSG00000282785	intragenic
ENSG00000263881	MIR4436B2	miRNA	2	110284853	110284943	1		ENSG00000282304	intragenic
ENSG00000263881	MIR4436B2	miRNA	2	110284853	110284943	1	MALL	ENSG00000293619	intragenic
ENSG00000266109	MIR4440	miRNA	2	239068817	239068914	-1	HDAC4	ENSG00000068024	intragenic
ENSG00000264810	MIR4441	miRNA	2	239085827	239085926	-1	HDAC4	ENSG00000068024	intragenic
ENSG00000265215	MIR4269	miRNA	2	239305462	239305545	1	HDAC4	ENSG00000068024	antisense
ENSG00000264292	MIR2467	miRNA	2	239351724	239351804	-1	HDAC4	ENSG00000068024	intragenic
ENSG00000264764	MIR4772	miRNA	2	102432289	102432366	1	IL18RAP	ENSG00000115607	intragenic
ENSG00000221445	MIR1301	miRNA	2	25328640	25328721	-1	DNMT3A	ENSG00000119772	intragenic
ENSG00000284252	MIR4444-1	miRNA	2	177212726	177212799	1		ENSG00000229337	antisense
ENSG00000284252	MIR4444-1	miRNA	2	177212726	177212799	1	HNRNPA3	ENSG00000170144	intragenic
ENSG00000265396	MIR3128	miRNA	2	177255945	177256010	-1	NFE2L2	ENSG00000116044	intragenic
ENSG00000278418	MIR6512	miRNA	2	177313806	177313882	-1		ENSG00000213963	intragenic
ENSG00000278418	MIR6512	miRNA	2	177313806	177313882	-1	NFE2L2	ENSG00000116044	intragenic
ENSG00000264279	MIR4786	miRNA	2	239943015	239943094	-1	NDUFA10	ENSG00000130414	intragenic
ENSG00000265418	MIR4261	miRNA	2	10192614	10192671	-1	RRM2	ENSG00000171848	antisense
ENSG00000265252	MIR3132	miRNA	2	219549073	219549147	-1	TMEM198	ENSG00000188760	antisense
ENSG00000283639	MIR9500	miRNA	2	218823090	218823154	1	CYP27A1	ENSG00000135929	intragenic
ENSG00000283639	MIR9500	miRNA	2	218823090	218823154	1	PRKAG3	ENSG00000115592	antisense
ENSG00000263828	MIR4439	miRNA	2	225010461	225010540	-1	DOCK10	ENSG00000135905	intragenic
ENSG00000266649	MIR3126	miRNA	2	69103682	69103755	1	ANTXR1	ENSG00000169604	intragenic
ENSG00000266436	MIR4264	miRNA	2	79649294	79649359	-1	CTNNA2	ENSG00000066032	antisense
ENSG00000276917	MIR8080	miRNA	2	79866495	79866583	-1	CTNNA2	ENSG00000066032	antisense
ENSG00000283569	MIR4773-2	miRNA	2	151368334	151368411	-1		ENSG00000295625	intragenic
ENSG00000283569	MIR4773-2	miRNA	2	151368334	151368411	-1	TNFAIP6	ENSG00000123610	antisense
ENSG00000264684	MIR4773-1	miRNA	2	151368334	151368411	1		ENSG00000295625	antisense
ENSG00000264684	MIR4773-1	miRNA	2	151368334	151368411	1	TNFAIP6	ENSG00000123610	intragenic
ENSG00000264157	MIR3127	miRNA	2	96798278	96798353	1	CNNM4	ENSG00000158158	intragenic
ENSG00000265510	MIR4436A	miRNA	2	88812370	88812454	1	MALLP2	ENSG00000283270	antisense
ENSG00000265510	MIR4436A	miRNA	2	88812370	88812454	1		ENSG00000290802	antisense
ENSG00000265510	MIR4436A	miRNA	2	88812370	88812454	1		ENSG00000240040	antisense
ENSG00000221238	MIR1285-2	miRNA	2	70252918	70253005	-1			intergenic
ENSG00000207744	MIR10B	miRNA	2	176150303	176150412	1	HOXD3	ENSG00000128652	intragenic
ENSG00000283880	MIR7704	miRNA	2	176188843	176188901	1	HAGLR	ENSG00000224189	antisense
ENSG00000283880	MIR7704	miRNA	2	176188843	176188901	1	HOXD1	ENSG00000128645	intragenic
ENSG00000207654	MIR128-1	miRNA	2	135665397	135665478	1		ENSG00000308733	antisense
ENSG00000207654	MIR128-1	miRNA	2	135665397	135665478	1	R3HDM1	ENSG00000048991	intragenic
ENSG00000284092	MIR5703	miRNA	2	227472132	227472187	1		ENSG00000306559	antisense
ENSG00000277842	MIR6811	miRNA	2	237510931	237510988	1	MLPH	ENSG00000115648	intragenic
ENSG00000264075	MIR4783	miRNA	2	127423537	127423618	-1	PROC	ENSG00000115718	antisense
ENSG00000207653	MIR558	miRNA	2	32532153	32532246	1	BIRC6	ENSG00000115760	intragenic
ENSG00000265057	MIR4765	miRNA	2	32635255	32635331	1	TTC27	ENSG00000018699	intragenic
ENSG00000263783	MIR5590	miRNA	2	134857820	134857873	1	CCNT2-AS1	ENSG00000224043	antisense
ENSG00000263783	MIR5590	miRNA	2	134857820	134857873	1	ACMSD	ENSG00000153086	intragenic
ENSG00000284173	MIR6513	miRNA	2	218280125	218280188	-1	TMBIM1	ENSG00000135926	intragenic
ENSG00000284173	MIR6513	miRNA	2	218280125	218280188	-1	PNKD	ENSG00000127838	antisense
ENSG00000278524	MIR6810	miRNA	2	218341911	218341980	1	CATIP-AS2	ENSG00000237281	antisense
ENSG00000278524	MIR6810	miRNA	2	218341911	218341980	1	PNKD	ENSG00000127838	intragenic
ENSG00000199121	MIR26B	miRNA	2	218402646	218402722	1	CTDSP1	ENSG00000144579	intragenic
ENSG00000265452	MIR3682	miRNA	2	53849122	53849205	-1	ASB3	ENSG00000115239	intragenic
ENSG00000283204	MIR4434	miRNA	2	64525513	64525565	1	AFTPH	ENSG00000119844	intragenic
ENSG00000283203	MIR1246	miRNA	2	176600980	176601052	-1	LINC01117	ENSG00000224577	antisense
ENSG00000283203	MIR1246	miRNA	2	176600980	176601052	-1		ENSG00000306034	antisense
ENSG00000264010	MIR4429	miRNA	2	11540605	11540677	-1	GREB1	ENSG00000196208	antisense
ENSG00000266097	MIR5192	miRNA	2	62205826	62205917	1	B3GNT2	ENSG00000170340	intragenic
ENSG00000278783	MIR6071	miRNA	2	85783600	85783677	-1	ATOH8	ENSG00000168874	antisense
ENSG00000265321	MIR4263	miRNA	2	27996367	27996449	1	BABAM2	ENSG00000158019	intragenic
ENSG00000207923	MIR559	miRNA	2	47377675	47377770	1	EPCAM	ENSG00000119888	intragenic
ENSG00000207611	MIR149	miRNA	2	240456001	240456089	1	GPC1-AS1	ENSG00000218416	antisense
ENSG00000207611	MIR149	miRNA	2	240456001	240456089	1	GPC1	ENSG00000063660	intragenic
ENSG00000207951	MIR561	miRNA	2	188297492	188297588	1	LINC01090	ENSG00000231689	antisense
ENSG00000207951	MIR561	miRNA	2	188297492	188297588	1	GULP1	ENSG00000144366	intragenic
ENSG00000253008	MIR2355	miRNA	2	207109987	207110073	-1	KLF7	ENSG00000118263	intragenic
ENSG00000277590	MIR7845	miRNA	2	207166400	207166498	1	MYOSLID	ENSG00000229647	intragenic
ENSG00000277590	MIR7845	miRNA	2	207166400	207166498	1	KLF7	ENSG00000118263	antisense
ENSG00000221628	MIR1302-4	miRNA	2	207269275	207269424	-1	LINC01802	ENSG00000225064	antisense
ENSG00000221628	MIR1302-4	miRNA	2	207269275	207269424	-1	MYOSLID-AS1	ENSG00000223725	intragenic
ENSG00000221782	MIR548F2	miRNA	2	212426263	212426360	-1	ERBB4	ENSG00000178568	intragenic
ENSG00000266063	MIR4771-2	miRNA	2	111771061	111771134	-1	ANAPC1	ENSG00000153107	intragenic
ENSG00000264725	MIR3129	miRNA	2	189133036	189133111	-1	COL5A2	ENSG00000204262	intragenic
ENSG00000265507	MIR4435-1	miRNA	2	87629755	87629834	1	CYTOR	ENSG00000222041	intragenic
ENSG00000265507	MIR4435-1	miRNA	2	87629755	87629834	1	NCAL1	ENSG00000284879	intragenic
ENSG00000283734	MIR4785	miRNA	2	160407810	160407882	-1	RBMS1	ENSG00000153250	intragenic
ENSG00000284407	MIR5001	miRNA	2	232550474	232550573	-1			intergenic
ENSG00000207548	MIR217	miRNA	2	55982967	55983076	-1		ENSG00000272180	antisense
ENSG00000207548	MIR217	miRNA	2	55982967	55983076	-1	MIR217HG	ENSG00000226702	intragenic
ENSG00000207798	MIR216A	miRNA	2	55988950	55989059	-1		ENSG00000272180	antisense
ENSG00000207798	MIR216A	miRNA	2	55988950	55989059	-1	MIR217HG	ENSG00000226702	intragenic
ENSG00000211520	MIR216B	miRNA	2	56000714	56000795	-1		ENSG00000272180	antisense
ENSG00000211520	MIR216B	miRNA	2	56000714	56000795	-1	MIR217HG	ENSG00000226702	intragenic
ENSG00000263909	MIR5000	miRNA	2	75090812	75090914	1	TACR1	ENSG00000115353	antisense
ENSG00000263909	MIR5000	miRNA	2	75090812	75090914	1	POLE4	ENSG00000115350	intragenic
ENSG00000284079	MIR4775	miRNA	2	207754807	207754881	1	CCNYL1	ENSG00000163249	intragenic
ENSG00000283591	MIR4430	miRNA	2	33418516	33418564	1			intergenic
ENSG00000264525	MIR4778	miRNA	2	66358249	66358328	-1		ENSG00000225815	antisense
ENSG00000221055	MIR1302-3	miRNA	2	113582959	113583096	-1		ENSG00000291134	antisense
ENSG00000221055	MIR1302-3	miRNA	2	113582959	113583096	-1		ENSG00000287165	intragenic
ENSG00000221055	MIR1302-3	miRNA	2	113582959	113583096	-1	RPL23AP7	ENSG00000293106	intragenic
ENSG00000265429	MIR4782	miRNA	2	113721290	113721368	-1	SLC35F5	ENSG00000115084	intragenic
ENSG00000266518	MIR4268	miRNA	2	219906502	219906565	-1		ENSG00000304439	antisense
ENSG00000266518	MIR4268	miRNA	2	219906502	219906565	-1		ENSG00000286199	intragenic
ENSG00000215973	MIR933	miRNA	2	175167633	175167709	-1		ENSG00000229750	antisense
ENSG00000215973	MIR933	miRNA	2	175167633	175167709	-1	ATF2	ENSG00000115966	intragenic
ENSG00000283637	MIR4776-2	miRNA	2	212926257	212926336	-1		ENSG00000273118	intragenic
ENSG00000266354	MIR4776-1	miRNA	2	212926257	212926336	1		ENSG00000273118	antisense
ENSG00000275141	MIR6888	miRNA	2	159186835	159186901	1	TANC1	ENSG00000115183	intragenic
ENSG00000264616	MIR4755	miRNA	20	34049119	34049190	1	RALY	ENSG00000125970	intragenic
ENSG00000266761	MIR3194	miRNA	20	51452905	51452977	-1	NFATC2	ENSG00000101096	intragenic
ENSG00000199017	MIR1-1	miRNA	20	62554306	62554376	1	MIR1-1HG	ENSG00000174407	intragenic
ENSG00000284508	MIR133A2	miRNA	20	62564912	62565013	1	MIR1-1HG	ENSG00000174407	intragenic
ENSG00000263453		miRNA	20	57895394	57895444	1			intergenic
ENSG00000284074	MIR4758	miRNA	20	62332487	62332557	-1	LAMA5	ENSG00000130702	intragenic
ENSG00000284040	MIR296	miRNA	20	58817615	58817694	-1		ENSG00000268649	intragenic
ENSG00000216031	MIR298	miRNA	20	58818226	58818313	-1			intergenic
ENSG00000221763	MIR1289-1	miRNA	20	35453954	35454097	-1	GDF5	ENSG00000125965	intragenic
ENSG00000207598	MIR124-3	miRNA	20	63178500	63178586	1		ENSG00000231977	antisense
ENSG00000266463	MIR3196	miRNA	20	63238779	63238842	1	BIRC7	ENSG00000101197	intragenic
ENSG00000266104	MIR4326	miRNA	20	63286808	63286866	1	ARFGAP1	ENSG00000101199	intragenic
ENSG00000284125	MIR1825	miRNA	20	32237795	32237847	1	POFUT1	ENSG00000101346	intragenic
ENSG00000264395	MIR3193	miRNA	20	31607186	31607240	1			intergenic
ENSG00000284436	MIR6869	miRNA	20	1392900	1392961	-1		ENSG00000274322	intragenic
ENSG00000284436	MIR6869	miRNA	20	1392900	1392961	-1	FKBP1A	ENSG00000088832	intragenic
ENSG00000276169	MIR6871	miRNA	20	41169023	41169078	1	PLCG1	ENSG00000124181	intragenic
ENSG00000199024	MIR103A2	miRNA	20	3917494	3917571	1	PANK2	ENSG00000125779	intragenic
ENSG00000283320	MIR103B2	miRNA	20	3917502	3917563	-1	PANK2	ENSG00000125779	antisense
ENSG00000266071	MIR3617	miRNA	20	45705102	45705180	-1	WFDC13	ENSG00000168634	antisense
ENSG00000208018	MIR645	miRNA	20	50585786	50585879	1	RIPOR3	ENSG00000042062	antisense
ENSG00000221091	MIR1302-5	miRNA	20	50614636	50614785	-1	RIPOR3	ENSG00000042062	intragenic
ENSG00000275453	MIR548O2	miRNA	20	38516563	38516632	1	RALGAPB	ENSG00000170471	intragenic
ENSG00000284193	MIR1257	miRNA	20	61953546	61953662	-1	TAF4	ENSG00000130699	intragenic
ENSG00000265306	MIR3195	miRNA	20	62064802	62064885	1	TAF4	ENSG00000130699	antisense
ENSG00000265306	MIR3195	miRNA	20	62064802	62064885	1		ENSG00000283078	intragenic
ENSG00000265595	MIR4756	miRNA	20	54068408	54068485	-1		ENSG00000286587	antisense
ENSG00000265595	MIR4756	miRNA	20	54068408	54068485	-1	BCAS1	ENSG00000064787	intragenic
ENSG00000207635	MIR499A	miRNA	20	34990376	34990497	1	MYH7B	ENSG00000078814	intragenic
ENSG00000283441	MIR499B	miRNA	20	34990400	34990472	-1	MYH7B	ENSG00000078814	antisense
ENSG00000273555	MIR6812	miRNA	20	45425510	45425573	1	PIGT	ENSG00000124155	intragenic
ENSG00000207997	MIR644A	miRNA	20	34466325	34466418	1		ENSG00000289720	intragenic
ENSG00000207997	MIR644A	miRNA	20	34466325	34466418	1	ITCH	ENSG00000078747	intragenic
ENSG00000265137	MIR3192	miRNA	20	18470615	18470691	1	POLR3F	ENSG00000132664	intragenic
ENSG00000266666	MIR4325	miRNA	20	57321502	57321591	-1		ENSG00000303497	intragenic
ENSG00000266151	MIR3646	miRNA	20	44408120	44408203	1	HNF4A	ENSG00000101076	intragenic
ENSG00000274034	MIR6813	miRNA	20	64076955	64077010	-1	RGS19	ENSG00000171700	intragenic
ENSG00000283206	MIR941-1	miRNA	20	63919449	63919520	1		ENSG00000290226	intragenic
ENSG00000283206	MIR941-1	miRNA	20	63919449	63919520	1	DNAJC5	ENSG00000101152	intragenic
ENSG00000216141	MIR941-2	miRNA	20	63919505	63919576	1		ENSG00000290226	intragenic
ENSG00000216141	MIR941-2	miRNA	20	63919505	63919576	1	DNAJC5	ENSG00000101152	intragenic
ENSG00000283513	MIR941-3	miRNA	20	63919561	63919632	1		ENSG00000290226	intragenic
ENSG00000283513	MIR941-3	miRNA	20	63919561	63919632	1	DNAJC5	ENSG00000101152	intragenic
ENSG00000216195	MIR941-4	miRNA	20	63919756	63919827	1		ENSG00000290226	intragenic
ENSG00000216195	MIR941-4	miRNA	20	63919756	63919827	1	DNAJC5	ENSG00000101152	intragenic
ENSG00000275842	MIR941-5	miRNA	20	63919868	63919939	1		ENSG00000290226	intragenic
ENSG00000275842	MIR941-5	miRNA	20	63919868	63919939	1	DNAJC5	ENSG00000101152	intragenic
ENSG00000284433	MIR1914	miRNA	20	63941465	63941544	-1	UCKL1	ENSG00000198276	intragenic
ENSG00000207554	MIR647	miRNA	20	63942631	63942726	-1	UCKL1	ENSG00000198276	intragenic
ENSG00000207802	MIR646	miRNA	20	60308474	60308567	1	MIR646HG	ENSG00000228340	intragenic
ENSG00000266140	MIR4533	miRNA	20	60478111	60478181	1		ENSG00000305725	intragenic
ENSG00000266140	MIR4533	miRNA	20	60478111	60478181	1	MIR646HG	ENSG00000228340	intragenic
ENSG00000265617	MIR548AG2	miRNA	20	60564562	60564625	1	MIR646HG	ENSG00000228340	intragenic
ENSG00000278159	MIR8062	miRNA	20	7371608	7371692	1			intergenic
ENSG00000273745	MIR6870	miRNA	20	10649636	10649695	-1	JAG1	ENSG00000101384	intragenic
ENSG00000284419	MIR663A	miRNA	20	26208186	26208278	-1	MIR663AHG	ENSG00000227195	intragenic
ENSG00000264901	MIR3616	miRNA	20	47166967	47167058	1	EYA2	ENSG00000064655	intragenic
ENSG00000284481	MIR1292	miRNA	20	2652777	2652842	1	NOP56	ENSG00000101361	intragenic
ENSG00000274060	MIR6724-2	miRNA	21	8249505	8249596	1			intergenic
ENSG00000277379	MIR6724-3	miRNA	21	8388362	8388453	1		ENSG00000280441	intragenic
ENSG00000275692	MIR6724-4	miRNA	21	8432530	8432621	1		ENSG00000280441	intragenic
ENSG00000275950	MIR6724-1	miRNA	21	8205315	8205406	1		ENSG00000278996	intragenic
ENSG00000275708	MIR3648-1	miRNA	21	8208473	8208652	1		ENSG00000278996	intragenic
ENSG00000277437		miRNA	21	8208844	8208904	1		ENSG00000278996	intragenic
ENSG00000266299	MIR3118-1	miRNA	21	13644775	13644850	-1	POTED	ENSG00000166351	antisense
ENSG00000266211	MIR3156-3	miRNA	21	13406384	13406460	-1	ANKRD30BP1	ENSG00000175302	intragenic
ENSG00000275469	MIR6130	miRNA	21	23079284	23079392	1		ENSG00000230972	intragenic
ENSG00000266133	MIR4759	miRNA	21	26953961	26954043	1	ADAMTS5	ENSG00000154736	antisense
ENSG00000265841	MIR548X	miRNA	21	18686090	18686164	-1	MIR548XHG	ENSG00000224141	intragenic
ENSG00000211590	MIR802	miRNA	21	35720715	35720808	1		ENSG00000230794	antisense
ENSG00000211590	MIR802	miRNA	21	35720715	35720808	1	RUNX1	ENSG00000159216	antisense
ENSG00000264580	MIR5692B	miRNA	21	42950928	42951014	-1			intergenic
ENSG00000275167	MIR6815	miRNA	21	45478266	45478326	1	COL18A1	ENSG00000182871	intragenic
ENSG00000275523	MIR6508	miRNA	21	39447010	39447069	1	GET1-SH3BGR	ENSG00000285815	intragenic
ENSG00000275523	MIR6508	miRNA	21	39447010	39447069	1	SH3BGR	ENSG00000185437	intragenic
ENSG00000263973	MIR4760	miRNA	21	40212352	40212431	-1	DSCAM	ENSG00000171587	intragenic
ENSG00000263681	MIR3197	miRNA	21	41167557	41167629	1	LINC00323	ENSG00000226496	antisense
ENSG00000275166	MIR6814	miRNA	21	41746772	41746841	-1	RIPK4	ENSG00000183421	intragenic
ENSG00000278433	MIR6070	miRNA	21	43609887	43609989	-1	HSF2BP	ENSG00000160207	intragenic
ENSG00000284448	MIR6501	miRNA	21	33550662	33550728	1	SON	ENSG00000159140	intragenic
ENSG00000265007	MIR4327	miRNA	21	30375294	30375378	-1			intergenic
ENSG00000207638	MIR99A	miRNA	21	16539089	16539169	1	MIR99AHG	ENSG00000215386	intragenic
ENSG00000199030	MIRLET7C	miRNA	21	16539828	16539911	1	MIR99AHG	ENSG00000215386	intragenic
ENSG00000207863	MIR125B2	miRNA	21	16590237	16590325	1	MIR99AHG	ENSG00000215386	intragenic
ENSG00000207863	MIR125B2	miRNA	21	16590237	16590325	1		ENSG00000295714	antisense
ENSG00000278618	MIR8069	miRNA	21	13724189	13724274	1		ENSG00000299540	intragenic
ENSG00000284550	hsa-mir-8069-1	miRNA	21	6859171	6859256	1		ENSG00000305963	intragenic
ENSG00000264462	MIR3648-2	miRNA	21	8986999	8987178	1			intergenic
ENSG00000264063		miRNA	21	8987370	8987430	1			intergenic
ENSG00000283904	MIR155	miRNA	21	25573980	25574044	1	MIR155HG	ENSG00000234883	intragenic
ENSG00000283904	MIR155	miRNA	21	25573980	25574044	1	MRPL39	ENSG00000154719	antisense
ENSG00000276162	MIR5739	miRNA	22	28459869	28459948	1	TTC28	ENSG00000100154	antisense
ENSG00000276753	MIR6821	miRNA	22	49962866	49962939	1	PIM3	ENSG00000198355	intragenic
ENSG00000266887	MIR4535	miRNA	22	48780295	48780353	1	TAFA5	ENSG00000219438	intragenic
ENSG00000266508	MIR3201	miRNA	22	48274364	48274415	1			intergenic
ENSG00000221760	MIR548J	miRNA	22	26555212	26555323	-1	TPST2	ENSG00000128294	intragenic
ENSG00000264661	MIR3200	miRNA	22	30731557	30731641	1	OSBP2	ENSG00000184792	intragenic
ENSG00000264757	MIR3198-1	miRNA	22	17764180	17764259	-1	BID	ENSG00000015475	intragenic
ENSG00000207780	MIR648	miRNA	22	17980868	17980961	-1	MICAL3	ENSG00000243156	intragenic
ENSG00000266012	MIR4764	miRNA	22	33436582	33436669	-1	LARGE1	ENSG00000133424	intragenic
ENSG00000284031	MIR4761	miRNA	22	19963753	19963834	1	COMT	ENSG00000093010	intragenic
ENSG00000208023	MIR185	miRNA	22	20033139	20033220	1	TANGO2	ENSG00000183597	intragenic
ENSG00000284140	MIR3618	miRNA	22	20085746	20085833	1	DGCR8	ENSG00000128191	intragenic
ENSG00000284464	MIR1306	miRNA	22	20086058	20086142	1	DGCR8	ENSG00000128191	intragenic
ENSG00000278278	MIR6816	miRNA	22	20114686	20114751	-1	TRMT2A	ENSG00000099899	intragenic
ENSG00000221039	MIR1286	miRNA	22	20249134	20249211	-1	RTN4R	ENSG00000040608	intragenic
ENSG00000207932	MIR33A	miRNA	22	41900944	41901012	1	SREBF2	ENSG00000198911	intragenic
ENSG00000283829	MIR378I	miRNA	22	41923222	41923297	-1	TNFRSF13C	ENSG00000159958	intragenic
ENSG00000266320	MIR3909	miRNA	22	35335640	35335758	1	TOM1	ENSG00000100284	intragenic
ENSG00000274280	MIR6069	miRNA	22	35336721	35336799	-1	TOM1	ENSG00000100284	antisense
ENSG00000284289	MIR6820	miRNA	22	37967563	37967624	1	POLR2F	ENSG00000100142	intragenic
ENSG00000284266	MIR4534	miRNA	22	37988794	37988853	1	POLR2F	ENSG00000100142	intragenic
ENSG00000212102	MIR301B	miRNA	22	21652981	21653058	1		ENSG00000207751	intragenic
ENSG00000212102	MIR301B	miRNA	22	21652981	21653058	1		ENSG00000295055	antisense
ENSG00000283871	MIR130B	miRNA	22	21653304	21653385	1		ENSG00000207751	intragenic
ENSG00000283871	MIR130B	miRNA	22	21653304	21653385	1		ENSG00000295055	antisense
ENSG00000280968		miRNA	22	29333158	29333267	-1	AP1B1	ENSG00000100280	intragenic
ENSG00000284197	MIR658	miRNA	22	37844272	37844371	-1	ANKRD54	ENSG00000100124	intragenic
ENSG00000207696	MIR659	miRNA	22	37847678	37847774	-1	ANKRD54	ENSG00000100124	intragenic
ENSG00000277872	MIR6817	miRNA	22	25455646	25455711	1	CRYBB2P1	ENSG00000291087	intragenic
ENSG00000207575	MIR649	miRNA	22	21034176	21034272	-1		ENSG00000226872	antisense
ENSG00000278420	MIR6819	miRNA	22	36286847	36286907	-1	MYH9	ENSG00000100345	intragenic
ENSG00000283990	MIRLET7A3	miRNA	22	46112749	46112822	1	MIRLET7BHG	ENSG00000197182	intragenic
ENSG00000284175	MIR4763	miRNA	22	46113566	46113657	1	MIRLET7BHG	ENSG00000197182	intragenic
ENSG00000284520	MIRLET7B	miRNA	22	46113686	46113768	1	MIRLET7BHG	ENSG00000197182	intragenic
ENSG00000274552	MIR6889	miRNA	22	41252992	41253050	-1	RANGAP1	ENSG00000100401	intragenic
ENSG00000264073	MIR3199-1	miRNA	22	27920525	27920612	-1	TTC28-AS1	ENSG00000235954	antisense
ENSG00000283225	MIR3199-2	miRNA	22	27920526	27920611	1	TTC28-AS1	ENSG00000235954	intragenic
ENSG00000284015	MIR1281	miRNA	22	41092513	41092566	1		ENSG00000296654	antisense
ENSG00000284015	MIR1281	miRNA	22	41092513	41092566	1	EP300	ENSG00000100393	intragenic
ENSG00000284049	MIR650	miRNA	22	22822776	22822871	1	IGLV2-8	ENSG00000278196	intragenic
ENSG00000264824	MIR5571	miRNA	22	22886267	22886379	1			intergenic
ENSG00000221598	MIR1249	miRNA	22	45200954	45201019	-1	KIAA0930	ENSG00000100364	intragenic
ENSG00000264160	MIR4762	miRNA	22	45760524	45760598	1	ATXN10	ENSG00000130638	intragenic
ENSG00000264141	MIR3928	miRNA	22	31160062	31160119	-1			intergenic
ENSG00000266594	MIR4766	miRNA	22	40813883	40813958	-1	SLC25A17	ENSG00000100372	intragenic
ENSG00000284082	MIR7109	miRNA	22	31621467	31621531	-1	PISD	ENSG00000241878	intragenic
ENSG00000264139	MIR3667	miRNA	22	49543393	49543466	-1	MIR3667HG	ENSG00000188511	intragenic
ENSG00000275818	MIR6818	miRNA	22	30007049	30007113	1	MTMR3	ENSG00000100330	intragenic
ENSG00000266533	MIR3619	miRNA	22	46091044	46091126	1	MIRLET7BHG	ENSG00000197182	intragenic
ENSG00000271898	MIR4791	miRNA	3	19314848	19314931	-1	KCNH8	ENSG00000183960	antisense
ENSG00000266745	MIR3135A	miRNA	3	20137565	20137641	1	KAT2B	ENSG00000114166	intragenic
ENSG00000283885	MIR3714	miRNA	3	16933196	16933260	1	PLCL2	ENSG00000154822	intragenic
ENSG00000265376	MIR466	miRNA	3	31161704	31161787	-1		ENSG00000297141	intragenic
ENSG00000276147	MIR548AY	miRNA	3	32506283	32506389	-1	CMTM7	ENSG00000153551	antisense
ENSG00000207625	MIR128-2	miRNA	3	35744476	35744559	1	ARPP21	ENSG00000172995	intragenic
ENSG00000283298	MIR4272	miRNA	3	67225464	67225527	1			intergenic
ENSG00000265193	MIR3923	miRNA	3	79507887	79507969	1	ROBO1	ENSG00000169855	antisense
ENSG00000265328	MIR548AB	miRNA	3	103524033	103524116	-1			intergenic
ENSG00000265956	MIR4445	miRNA	3	109602828	109602897	1	LINC01205	ENSG00000228980	intragenic
ENSG00000207940	MIR567	miRNA	3	112112801	112112898	1	C3orf52	ENSG00000114529	intragenic
ENSG00000284421	MIR7110	miRNA	3	123161794	123161879	1	PDIA5	ENSG00000065485	intragenic
ENSG00000207963	MIR569	miRNA	3	171106664	171106759	-1		ENSG00000286856	antisense
ENSG00000207963	MIR569	miRNA	3	171106664	171106759	-1	TNIK	ENSG00000154310	intragenic
ENSG00000221251	MIR1263	miRNA	3	164171471	164171556	-1			intergenic
ENSG00000283333	MIR7977	miRNA	3	176515103	176515151	1		ENSG00000302303	intragenic
ENSG00000283333	MIR7977	miRNA	3	176515103	176515151	1	LINC01208	ENSG00000223715	antisense
ENSG00000264974	MIR4789	miRNA	3	175369540	175369621	1	NAALADL2	ENSG00000177694	intragenic
ENSG00000264534	MIR378B	miRNA	3	10330229	10330285	1	ATP2B2	ENSG00000157087	antisense
ENSG00000199032	MIR425	miRNA	3	49020148	49020234	-1	DALRD3	ENSG00000178149	intragenic
ENSG00000207605	MIR191	miRNA	3	49020618	49020709	-1	DALRD3	ENSG00000178149	intragenic
ENSG00000207605	MIR191	miRNA	3	49020618	49020709	-1	NDUFAF3	ENSG00000178057	antisense
ENSG00000284134	MIR568	miRNA	3	114316475	114316569	-1		ENSG00000259976	intragenic
ENSG00000284134	MIR568	miRNA	3	114316475	114316569	-1	ZBTB20	ENSG00000181722	intragenic
ENSG00000264623	MIR4796	miRNA	3	114743445	114743525	-1	ZBTB20	ENSG00000181722	intragenic
ENSG00000266383	MIR5002	miRNA	3	124132929	124133025	1	KALRN	ENSG00000160145	intragenic
ENSG00000283971	MIR4442	miRNA	3	25664873	25664939	-1	TOP2B	ENSG00000077097	intragenic
ENSG00000221120	MIR1224	miRNA	3	184241405	184241489	1	VWA5B2	ENSG00000145198	intragenic
ENSG00000265180	MIR4790	miRNA	3	5250177	5250255	-1			intergenic
ENSG00000264013	MIR3938	miRNA	3	55852492	55852594	-1	ERC2	ENSG00000187672	intragenic
ENSG00000264614	MIR5588	miRNA	3	185253210	185253272	-1	EHHADH	ENSG00000113790	intragenic
ENSG00000283958	MIR1248	miRNA	3	186786672	186786777	1	EIF4A2	ENSG00000156976	intragenic
ENSG00000284121	MIR198	miRNA	3	120395668	120395729	-1	BTNL12P	ENSG00000293512	antisense
ENSG00000284121	MIR198	miRNA	3	120395668	120395729	-1	FSTL1	ENSG00000163430	intragenic
ENSG00000207779	MIR15B	miRNA	3	160404588	160404685	1	TRIM59-IFT80	ENSG00000248710	antisense
ENSG00000207779	MIR15B	miRNA	3	160404588	160404685	1	SMC4	ENSG00000113810	intragenic
ENSG00000198987	MIR16-2	miRNA	3	160404745	160404825	1	TRIM59-IFT80	ENSG00000248710	antisense
ENSG00000198987	MIR16-2	miRNA	3	160404745	160404825	1	SMC4	ENSG00000113810	intragenic
ENSG00000264119	MIR4795	miRNA	3	87226189	87226277	-1			intergenic
ENSG00000199150	MIRLET7G	miRNA	3	52268278	52268361	-1	WDR82	ENSG00000164091	intragenic
ENSG00000207926	MIR135A1	miRNA	3	52294219	52294308	-1	GLYCTK-AS1	ENSG00000242797	intragenic
ENSG00000207926	MIR135A1	miRNA	3	52294219	52294308	-1	GLYCTK	ENSG00000168237	antisense
ENSG00000264084	MIR5688	miRNA	3	85385710	85385792	1		ENSG00000300779	intragenic
ENSG00000264084	MIR5688	miRNA	3	85385710	85385792	1	CADM2	ENSG00000175161	intragenic
ENSG00000284488	MIR6890	miRNA	3	49099854	49099914	-1	QARS1	ENSG00000172053	intragenic
ENSG00000276489	MIR6829	miRNA	3	195882329	195882395	-1	TNK2	ENSG00000061938	intragenic
ENSG00000264633	MIR4271	miRNA	3	49274120	49274186	1	C3orf62	ENSG00000188315	antisense
ENSG00000264633	MIR4271	miRNA	3	49274120	49274186	1	IHO1	ENSG00000173421	intragenic
ENSG00000216135	MIR885	miRNA	3	10394489	10394562	-1	ATP2B2	ENSG00000157087	intragenic
ENSG00000263573	MIR4270	miRNA	3	15496239	15496308	-1	COLQ	ENSG00000206561	intragenic
ENSG00000264354	MIR3134	miRNA	3	15697298	15697371	-1	BTD	ENSG00000169814	antisense
ENSG00000264354	MIR3134	miRNA	3	15697298	15697371	-1	ANKRD28	ENSG00000206560	intragenic
ENSG00000283848	MIR6872	miRNA	3	50273236	50273297	1	SEMA3B-AS1	ENSG00000232352	antisense
ENSG00000283848	MIR6872	miRNA	3	50273236	50273297	1	SEMA3B	ENSG00000012171	intragenic
ENSG00000278799	MIR6823	miRNA	3	48549961	48550021	-1	PFKFB4	ENSG00000114268	intragenic
ENSG00000284251	MIR711	miRNA	3	48578902	48578977	-1	COL7A1	ENSG00000114270	intragenic
ENSG00000284364	MIR6824	miRNA	3	48633636	48633698	-1	SLC26A6	ENSG00000225697	intragenic
ENSG00000284575	MIR4793	miRNA	3	48644194	48644280	-1	CELSR3	ENSG00000008300	intragenic
ENSG00000221585	MIR1226	miRNA	3	47849555	47849629	1	DHX30	ENSG00000132153	intragenic
ENSG00000265483	MIR4443	miRNA	3	48196564	48196616	1			intergenic
ENSG00000252466	MIR2115	miRNA	3	48316360	48316459	-1	SPINK8	ENSG00000229453	intragenic
ENSG00000276656	MIR6083	miRNA	3	124374332	124374437	1	KALRN	ENSG00000160145	intragenic
ENSG00000265981	MIR544B	miRNA	3	124732439	124732516	1	UMPS	ENSG00000114491	intragenic
ENSG00000221737	MIR548I1	miRNA	3	125790404	125790552	-1	LINC02614	ENSG00000241288	intragenic
ENSG00000221737	MIR548I1	miRNA	3	125790404	125790552	-1		ENSG00000284624	antisense
ENSG00000278658	MIR6826	miRNA	3	129272146	129272243	1	COPG1	ENSG00000181789	intragenic
ENSG00000264330	MIR5186	miRNA	3	151565876	151565995	-1	AADACL2-AS1	ENSG00000242908	intragenic
ENSG00000264330	MIR5186	miRNA	3	151565876	151565995	-1	LINC02066	ENSG00000241151	antisense
ENSG00000265470	MIR548AQ	miRNA	3	185767847	185767904	-1	IGF2BP2	ENSG00000073792	intragenic
ENSG00000221264	MIR1284	miRNA	3	71541970	71542089	-1		ENSG00000285708	intragenic
ENSG00000221264	MIR1284	miRNA	3	71541970	71542089	-1	FOXP1	ENSG00000114861	intragenic
ENSG00000263634	MIR3919	miRNA	3	159282646	159282734	1	IQCJ-SCHIP1	ENSG00000283154	intragenic
ENSG00000263634	MIR3919	miRNA	3	159282646	159282734	1	SCHIP1	ENSG00000151967	intragenic
ENSG00000199075	MIR26A1	miRNA	3	37969404	37969480	1	CTDSPL	ENSG00000144677	intragenic
ENSG00000265859	MIR5704	miRNA	3	131985855	131985931	-1	CPNE4	ENSG00000196353	intragenic
ENSG00000266780	MIR4444-2	miRNA	3	75214476	75214549	1		ENSG00000301012	antisense
ENSG00000263932	MIR4448	miRNA	3	183886800	183886885	1		ENSG00000293259	intragenic
ENSG00000265028		miRNA	3	24521362	24521435	-1		ENSG00000272554	intragenic
ENSG00000265028		miRNA	3	24521362	24521435	-1	THRB-AS1	ENSG00000228791	antisense
ENSG00000283726	MIR5193	miRNA	3	49806137	49806245	-1	UBA7	ENSG00000182179	intragenic
ENSG00000207922		miRNA	3	50173326	50173419	1	SEMA3F	ENSG00000001617	intragenic
ENSG00000265850	MIR4797	miRNA	3	197293878	197293948	-1	DLG1	ENSG00000075711	intragenic
ENSG00000284158	MIR6822	miRNA	3	39138206	39138266	1	TTC21A	ENSG00000168026	intragenic
ENSG00000278103	MIR8060	miRNA	3	96359964	96360039	1			intergenic
ENSG00000264986	MIR5092	miRNA	3	125151465	125151552	-1	SLC12A8	ENSG00000221955	intragenic
ENSG00000265333	MIR3137	miRNA	3	195134506	195134580	-1	XXYLT1	ENSG00000173950	intragenic
ENSG00000275789	MIR8064	miRNA	3	52846463	52846552	-1	STIMATE-MUSTN1	ENSG00000248592	intragenic
ENSG00000275789	MIR8064	miRNA	3	52846463	52846552	-1	STIMATE	ENSG00000213533	intragenic
ENSG00000207650	MIR570	miRNA	3	195699401	195699497	1	MUC20-OT1	ENSG00000242086	intragenic
ENSG00000275334	MIR5787	miRNA	3	50227436	50227490	1	GNAI2	ENSG00000114353	intragenic
ENSG00000284498	MIR564	miRNA	3	44861888	44861981	1	KIF15	ENSG00000163808	intragenic
ENSG00000284498	MIR564	miRNA	3	44861888	44861981	1	TMEM42	ENSG00000169964	intragenic
ENSG00000264477	MIR5682	miRNA	3	121049640	121049715	1	STXBP5L	ENSG00000145087	intragenic
ENSG00000283474	MIR6828	miRNA	3	170423103	170423162	1		ENSG00000285218	intragenic
ENSG00000283474	MIR6828	miRNA	3	170423103	170423162	1	CLDN11	ENSG00000013297	intragenic
ENSG00000284146	MIR922	miRNA	3	197674496	197674576	-1		ENSG00000287286	antisense
ENSG00000284146	MIR922	miRNA	3	197674496	197674576	-1	RUBCN	ENSG00000145016	intragenic
ENSG00000281426	MIR548BB	miRNA	3	60617805	60617870	-1	MTERF1P1	ENSG00000240097	antisense
ENSG00000281426	MIR548BB	miRNA	3	60617805	60617870	-1	FHIT	ENSG00000189283	intragenic
ENSG00000265355	MIR3136	miRNA	3	69048958	69049035	-1	EOGT-DT	ENSG00000244513	antisense
ENSG00000265355	MIR3136	miRNA	3	69048958	69049035	-1	TMF1	ENSG00000144747	intragenic
ENSG00000207651	MIR28	miRNA	3	188688781	188688866	1	LPP	ENSG00000145012	intragenic
ENSG00000207815	MIR563	miRNA	3	15873771	15873849	1		ENSG00000287042	intragenic
ENSG00000272543	MIR4787	miRNA	3	50675080	50675163	1	DOCK3	ENSG00000088538	intragenic
ENSG00000275067	MIR6825	miRNA	3	127575266	127575331	-1	TPRA1	ENSG00000163870	intragenic
ENSG00000276083	MIR7976	miRNA	3	127587111	127587176	-1	TPRA1	ENSG00000163870	intragenic
ENSG00000275670	MIR8076	miRNA	3	113432118	113432200	-1	SPICE1-CFAP44	ENSG00000285943	intragenic
ENSG00000275670	MIR8076	miRNA	3	113432118	113432200	-1	CFAP44-AS1	ENSG00000243849	antisense
ENSG00000275670	MIR8076	miRNA	3	113432118	113432200	-1	CFAP44	ENSG00000206530	intragenic
ENSG00000265253	MIR4446	miRNA	3	113594876	113594942	1	SIDT1	ENSG00000072858	intragenic
ENSG00000207954	MIR138-1	miRNA	3	44114212	44114310	1			intergenic
ENSG00000283894	MIR1324	miRNA	3	75630763	75630858	1		ENSG00000305327	intragenic
ENSG00000283894	MIR1324	miRNA	3	75630763	75630858	1		ENSG00000293315	antisense
ENSG00000283894	MIR1324	miRNA	3	75630763	75630858	1	CLUHP10	ENSG00000282511	intragenic
ENSG00000266396	MIR4273	miRNA	3	75738280	75738363	1	LINC00960	ENSG00000242516	intragenic
ENSG00000266396	MIR4273	miRNA	3	75738280	75738363	1	ZNF717	ENSG00000227124	antisense
ENSG00000265433	MIR4447	miRNA	3	116850277	116850367	-1	LSAMP	ENSG00000185565	intragenic
ENSG00000207717	MIR551B	miRNA	3	168551854	168551949	1		ENSG00000293389	intragenic
ENSG00000207717	MIR551B	miRNA	3	168551854	168551949	1	EGFEM1P	ENSG00000206120	intragenic
ENSG00000264897	MIR3921	miRNA	3	99964314	99964398	-1	CMSS1	ENSG00000184220	antisense
ENSG00000264897	MIR3921	miRNA	3	99964314	99964398	-1	FILIP1L	ENSG00000168386	intragenic
ENSG00000216058	MIR944	miRNA	3	189829922	189830009	1	TP63	ENSG00000073282	intragenic
ENSG00000207716	MIR572	miRNA	4	11368827	11368921	1		ENSG00000308608	intragenic
ENSG00000207716	MIR572	miRNA	4	11368827	11368921	1		ENSG00000308642	intragenic
ENSG00000207697	MIR573	miRNA	4	24520192	24520290	-1	DHX15	ENSG00000109606	intragenic
ENSG00000283275	MIR4275	miRNA	4	28819582	28819668	1			intergenic
ENSG00000283207	MIR1255B1	miRNA	4	36426366	36426428	-1	LINC02505	ENSG00000248215	intragenic
ENSG00000264319	MIR4801	miRNA	4	37241910	37241991	-1		ENSG00000293926	intragenic
ENSG00000265829	MIR548AG1	miRNA	4	60922619	60922684	1			intergenic
ENSG00000266421	MIR4451	miRNA	4	85722468	85722533	1	ARHGAP24	ENSG00000138639	intragenic
ENSG00000207988	MIR576	miRNA	4	109488698	109488795	1	SEC24B	ENSG00000138802	intragenic
ENSG00000273882	MIR8066	miRNA	4	101240795	101240872	-1	PPP3CA	ENSG00000138814	intragenic
ENSG00000221265	MIR1255A	miRNA	4	101330302	101330414	-1	PPP3CA	ENSG00000138814	intragenic
ENSG00000264274	MIR4799	miRNA	4	147782595	147782668	1	ARHGAP10	ENSG00000071205	intragenic
ENSG00000221369	MIR548G	miRNA	4	147344629	147344717	-1			intergenic
ENSG00000278502	MIR6082	miRNA	4	171186184	171186292	1			intergenic
ENSG00000283468	MIR4454	miRNA	4	163093574	163093628	-1			intergenic
ENSG00000265846	MIR4276	miRNA	4	174423795	174423864	1			intergenic
ENSG00000264585	MIR4449	miRNA	4	52712682	52712747	1	DANCR	ENSG00000226950	intragenic
ENSG00000264585	MIR4449	miRNA	4	52712682	52712747	1		ENSG00000293643	intragenic
ENSG00000221296	MIR548T	miRNA	4	173268160	173268233	1	GALNT7	ENSG00000109586	intragenic
ENSG00000283550	MIR2054	miRNA	4	125507259	125507307	1		ENSG00000302594	antisense
ENSG00000264621	MIR5591	miRNA	4	39411910	39411974	1	KLB	ENSG00000134962	intragenic
ENSG00000266515	MIR4452	miRNA	4	86542482	86542552	-1		ENSG00000299993	antisense
ENSG00000266515	MIR4452	miRNA	4	86542482	86542552	-1	MAPK10	ENSG00000109339	intragenic
ENSG00000263981	MIR5705	miRNA	4	87300495	87300583	-1			intergenic
ENSG00000266270		miRNA	4	78820752	78820821	1	BMP2K	ENSG00000138756	intragenic
ENSG00000266698	MIR3945	miRNA	4	184851013	184851110	-1	MIR3945HG	ENSG00000251230	intragenic
ENSG00000263458	MIR4455	miRNA	4	184938383	184938440	-1		ENSG00000289197	antisense
ENSG00000284587	MIR943	miRNA	4	1986384	1986477	-1	NELFA	ENSG00000185049	intragenic
ENSG00000207807	MIR95	miRNA	4	8005301	8005381	-1	ABLIM2	ENSG00000163995	intragenic
ENSG00000215961	MIR297	miRNA	4	110860582	110860647	-1			intergenic
ENSG00000283193	MIR1243	miRNA	4	113106863	113106955	1	ANK2	ENSG00000145362	intragenic
ENSG00000275810	MIR8082	miRNA	4	113152282	113152362	1	ANK2	ENSG00000145362	intragenic
ENSG00000266690	MIR4274	miRNA	4	7460028	7460118	1	SORCS2	ENSG00000184985	intragenic
ENSG00000265623	MIR3139	miRNA	4	143343460	143343535	1	GAB1	ENSG00000109458	intragenic
ENSG00000199169	MIR367	miRNA	4	112647874	112647941	-1	MIR302CHG	ENSG00000249532	intragenic
ENSG00000199169	MIR367	miRNA	4	112647874	112647941	-1	LARP7	ENSG00000174720	antisense
ENSG00000199145	MIR302D	miRNA	4	112648004	112648071	-1	MIR302CHG	ENSG00000249532	intragenic
ENSG00000199145	MIR302D	miRNA	4	112648004	112648071	-1	LARP7	ENSG00000174720	antisense
ENSG00000207927	MIR302A	miRNA	4	112648183	112648251	-1	MIR302CHG	ENSG00000249532	intragenic
ENSG00000207927	MIR302A	miRNA	4	112648183	112648251	-1	LARP7	ENSG00000174720	antisense
ENSG00000199102	MIR302C	miRNA	4	112648363	112648430	-1	MIR302CHG	ENSG00000249532	intragenic
ENSG00000199102	MIR302C	miRNA	4	112648363	112648430	-1	LARP7	ENSG00000174720	antisense
ENSG00000284463	MIR302B	miRNA	4	112648485	112648557	-1	MIR302CHG	ENSG00000249532	intragenic
ENSG00000284463	MIR302B	miRNA	4	112648485	112648557	-1	LARP7	ENSG00000174720	antisense
ENSG00000263445	MIR4450	miRNA	4	76573568	76573632	1	SHROOM3	ENSG00000138771	intragenic
ENSG00000283682	MIR548AH	miRNA	4	76575551	76575626	1	SHROOM3	ENSG00000138771	intragenic
ENSG00000278438	MIR7849	miRNA	4	146408583	146408688	1	SLC10A7	ENSG00000120519	antisense
ENSG00000264105	MIR3688-1	miRNA	4	159128802	159128894	-1	RAPGEF2	ENSG00000109756	antisense
ENSG00000283379	MIR3688-2	miRNA	4	159128805	159128891	1	RAPGEF2	ENSG00000109756	intragenic
ENSG00000263631	MIR378D1	miRNA	4	5923275	5923328	-1	C4orf50	ENSG00000181215	intragenic
ENSG00000207944	MIR574	miRNA	4	38868032	38868127	1	FAM114A1	ENSG00000197712	intragenic
ENSG00000207559	MIR578	miRNA	4	165386242	165386337	1	CPE	ENSG00000109472	intragenic
ENSG00000284276	MIR4800	miRNA	4	2250077	2250156	-1	MXD4	ENSG00000123933	intragenic
ENSG00000284253	MIR1973	miRNA	4	116299725	116299768	1			intergenic
ENSG00000264931	MIR3138	miRNA	4	10078611	10078692	-1	WDR1	ENSG00000071127	intragenic
ENSG00000266240	MIR5091	miRNA	4	13627865	13627957	1			intergenic
ENSG00000264678	MIR3140	miRNA	4	152489327	152489416	-1		ENSG00000287555	antisense
ENSG00000264678	MIR3140	miRNA	4	152489327	152489416	-1	FBXW7	ENSG00000109670	intragenic
ENSG00000283792	MIR4453	miRNA	4	152536428	152536516	1	MIR4453HG	ENSG00000268471	intragenic
ENSG00000264658	MIR4798	miRNA	4	7310450	7310524	1	SORCS2	ENSG00000184985	intragenic
ENSG00000207642	MIR571	miRNA	4	350157	350252	1	ZNF141	ENSG00000131127	intragenic
ENSG00000265213	MIR3684	miRNA	4	98997387	98997460	1	METAP1	ENSG00000164024	intragenic
ENSG00000207732	MIR218-1	miRNA	4	20528275	20528384	1	SLIT2	ENSG00000145147	intragenic
ENSG00000283281	MIR7978	miRNA	4	21464700	21464758	-1	KCNIP4	ENSG00000185774	intragenic
ENSG00000263642	MIR4802	miRNA	4	40502040	40502119	-1	RBM47	ENSG00000163694	intragenic
ENSG00000221563	MIR1269A	miRNA	4	66276824	66276928	1		ENSG00000287383	antisense
ENSG00000221563	MIR1269A	miRNA	4	66276824	66276928	1		ENSG00000249413	intragenic
ENSG00000207931	MIR577	miRNA	4	114656759	114656854	1	UGT8	ENSG00000174607	intragenic
ENSG00000207746	MIR575	miRNA	4	82753337	82753430	-1	SCD5	ENSG00000145284	intragenic
ENSG00000221227	MIR1305	miRNA	4	182169293	182169378	1		ENSG00000248266	intragenic
ENSG00000221227	MIR1305	miRNA	4	182169293	182169378	1	TENM3	ENSG00000218336	intragenic
ENSG00000221275	MIR548I2	miRNA	4	9556168	9556316	-1		ENSG00000304497	antisense
ENSG00000221275	MIR548I2	miRNA	4	9556168	9556316	-1		ENSG00000287117	intragenic
ENSG00000277388	MIR8053	miRNA	4	47652669	47652743	1	CORIN	ENSG00000145244	antisense
ENSG00000266415	MIR4636	miRNA	5	9053816	9053895	-1	SEMA5A	ENSG00000112902	intragenic
ENSG00000216077	MIR887	miRNA	5	15935182	15935260	1	FBXL7	ENSG00000183580	intragenic
ENSG00000207956	MIR579	miRNA	5	32394378	32394475	-1	ZFR	ENSG00000056097	intragenic
ENSG00000266243	MIR4279	miRNA	5	31936102	31936159	-1	PDZD2	ENSG00000133401	antisense
ENSG00000265304	MIR3650	miRNA	5	38557502	38557561	-1	LIFR-AS1	ENSG00000244968	antisense
ENSG00000265304	MIR3650	miRNA	5	38557502	38557561	-1	LIFR	ENSG00000113594	intragenic
ENSG00000207627	MIR581	miRNA	5	53951504	53951599	-1	ARL15	ENSG00000185305	intragenic
ENSG00000265421		miRNA	5	54075518	54075583	-1	ARL15	ENSG00000185305	intragenic
ENSG00000265135	MIR5687	miRNA	5	55508850	55508926	-1	PLPP1	ENSG00000067113	intragenic
ENSG00000264099	MIR4803	miRNA	5	72169467	72169540	1	MAP1B	ENSG00000131711	intragenic
ENSG00000264342	MIR3660	miRNA	5	90016621	90016720	-1		ENSG00000296522	intragenic
ENSG00000265919	MIR4280	miRNA	5	87114879	87114954	-1		ENSG00000249061	antisense
ENSG00000265919	MIR4280	miRNA	5	87114879	87114954	-1	MIR4280HG	ENSG00000233828	intragenic
ENSG00000221263	MIR548P	miRNA	5	100816482	100816565	-1	ST8SIA4	ENSG00000113532	intragenic
ENSG00000283498	MIR1244-2	miRNA	5	118974586	118974670	1	DTWD2	ENSG00000169570	antisense
ENSG00000221436	MIR548F3	miRNA	5	110513829	110513915	-1	TMEM232	ENSG00000186952	intragenic
ENSG00000264536	MIR5706	miRNA	5	119154637	119154716	1	DMXL1	ENSG00000172869	intragenic
ENSG00000265691	MIR4460	miRNA	5	129397062	129397147	-1	ADAMTS19-AS1	ENSG00000249421	intragenic
ENSG00000199047	MIR378A	miRNA	5	149732825	149732890	1	PPARGC1B	ENSG00000155846	intragenic
ENSG00000221430	MIR1294	miRNA	5	154347106	154347247	1		ENSG00000287695	intragenic
ENSG00000221430	MIR1294	miRNA	5	154347106	154347247	1	SAP30L-AS1	ENSG00000245275	antisense
ENSG00000221430	MIR1294	miRNA	5	154347106	154347247	1	GALNT10	ENSG00000164574	intragenic
ENSG00000274994	MIR8056	miRNA	5	173347455	173347536	1			intergenic
ENSG00000265160	MIR5003	miRNA	5	172662165	172662263	1	NEURL1B	ENSG00000214357	intragenic
ENSG00000277912	MIR8089	miRNA	5	181043403	181043484	-1	BTNL9	ENSG00000165810	antisense
ENSG00000198995	MIR340	miRNA	5	180015303	180015397	-1	RNF130	ENSG00000113269	intragenic
ENSG00000264233	MIR4456	miRNA	5	535840	535882	-1			intergenic
ENSG00000207714	MIR584	miRNA	5	149062313	149062409	-1	SH3TC2	ENSG00000169247	intragenic
ENSG00000283420	MIR4278	miRNA	5	6827853	6827921	-1	LINC02236	ENSG00000251365	antisense
ENSG00000264249	MIR3912	miRNA	5	171386656	171386760	-1			intergenic
ENSG00000264760	MIR3141	miRNA	5	154596012	154596072	-1			intergenic
ENSG00000221552	MIR1303	miRNA	5	154685776	154685861	1	LARP1	ENSG00000155506	intragenic
ENSG00000263361	MIR378H	miRNA	5	154829458	154829540	1	FAXDC2	ENSG00000170271	antisense
ENSG00000266329	MIR4281	miRNA	5	176629439	176629500	-1	SNCB	ENSG00000074317	intragenic
ENSG00000207756	MIR580	miRNA	5	36147892	36147988	-1	LMBRD2	ENSG00000164187	intragenic
ENSG00000283678	MIR6830	miRNA	5	132217849	132217918	-1	P4HA2	ENSG00000072682	intragenic
ENSG00000263597	MIR3936	miRNA	5	132365490	132365599	-1	MIR3936HG	ENSG00000233006	intragenic
ENSG00000263593	MIR4804	miRNA	5	72878591	72878663	1	TNPO1	ENSG00000083312	intragenic
ENSG00000264563	MIR4633	miRNA	5	129097688	129097766	1	ISOC1	ENSG00000066583	intragenic
ENSG00000265699	MIR548AE2	miRNA	5	58530043	58530109	-1		ENSG00000297661	antisense
ENSG00000264732	MIR4638	miRNA	5	181222566	181222633	-1	TRIM41	ENSG00000146063	antisense
ENSG00000263834	MIR4635	miRNA	5	1062896	1062974	-1	SLC12A7	ENSG00000113504	intragenic
ENSG00000263831	MIR378E	miRNA	5	170028488	170028566	1	DOCK2	ENSG00000134516	intragenic
ENSG00000266751	MIR3661	miRNA	5	134225757	134225852	1		ENSG00000272772	antisense
ENSG00000266751	MIR3661	miRNA	5	134225757	134225852	1		ENSG00000273345	antisense
ENSG00000266751	MIR3661	miRNA	5	134225757	134225852	1	PPP2CA	ENSG00000113575	antisense
ENSG00000221464	MIR1271	miRNA	5	176367946	176368031	1	ARL10	ENSG00000175414	intragenic
ENSG00000264792	MIR4637	miRNA	5	14825929	14826012	-1	ANKH	ENSG00000154122	intragenic
ENSG00000263963		miRNA	5	134928039	134928112	1	MTND4LP30	ENSG00000198868	antisense
ENSG00000263963		miRNA	5	134928039	134928112	1	PCBD2	ENSG00000132570	intragenic
ENSG00000265924	MIR5692C1	miRNA	5	135802985	135803075	-1	SLC25A48	ENSG00000145832	antisense
ENSG00000284336	MIR2277	miRNA	5	93620696	93620788	-1	ARB2A	ENSG00000113391	intragenic
ENSG00000263670	MIR4457	miRNA	5	1309310	1309377	-1			intergenic
ENSG00000273742	MIR6075	miRNA	5	1510762	1510856	-1	LPCAT1	ENSG00000153395	intragenic
ENSG00000277073	MIR6131	miRNA	5	10478037	10478145	1	ROPN1L	ENSG00000145491	intragenic
ENSG00000276622	MIR6499	miRNA	5	151522087	151522148	-1	FAT2	ENSG00000086570	intragenic
ENSG00000276622	MIR6499	miRNA	5	151522087	151522148	-1	SLC36A1	ENSG00000123643	antisense
ENSG00000284447	MIR9-2	miRNA	5	88666853	88666939	-1	MIR9-2HG	ENSG00000245526	intragenic
ENSG00000216009	MIR874	miRNA	5	137647572	137647649	-1	KLHL3	ENSG00000146021	intragenic
ENSG00000284325	MIR3655	miRNA	5	140647844	140647926	1	IK	ENSG00000113141	intragenic
ENSG00000207739	MIR218-2	miRNA	5	168768146	168768255	-1	SLIT3	ENSG00000184347	intragenic
ENSG00000207619	MIR585	miRNA	5	169263601	169263694	-1	SLIT3	ENSG00000184347	intragenic
ENSG00000283717	MIR6831	miRNA	5	140563671	140563751	-1		ENSG00000283155	intragenic
ENSG00000283717	MIR6831	miRNA	5	140563671	140563751	-1	APBB3	ENSG00000113108	intragenic
ENSG00000221287	MIR1289-2	miRNA	5	133427596	133427706	-1	FSTL4	ENSG00000053108	intragenic
ENSG00000284182	MIR143	miRNA	5	149428918	149429023	1	CARMN	ENSG00000249669	intragenic
ENSG00000276365	MIR145	miRNA	5	149430646	149430733	1	CARMN	ENSG00000249669	intragenic
ENSG00000199035	MIR103A1	miRNA	5	168560896	168560973	-1	PANK3	ENSG00000120137	intragenic
ENSG00000283612	MIR103B1	miRNA	5	168560904	168560965	1	PANK3	ENSG00000120137	antisense
ENSG00000202601	MIR582	miRNA	5	59703606	59703703	-1	PDE4D	ENSG00000113448	intragenic
ENSG00000263746	MIR4277	miRNA	5	1708785	1708868	-1		ENSG00000303091	intragenic
ENSG00000283359	MIR3977	miRNA	5	82840155	82840224	1		ENSG00000297123	intragenic
ENSG00000283359	MIR3977	miRNA	5	82840155	82840224	1	LINC01338	ENSG00000281327	antisense
ENSG00000266890	MIR4634	miRNA	5	174751734	174751787	1		ENSG00000251670	intragenic
ENSG00000266478	MIR5197	miRNA	5	143679860	143679971	1		ENSG00000249881	intragenic
ENSG00000221394	MIR1229	miRNA	5	179798278	179798346	-1	MGAT4B	ENSG00000161013	intragenic
ENSG00000265237	MIR3142	miRNA	5	160474402	160474483	1	MIR3142HG	ENSG00000253522	intragenic
ENSG00000283733	MIR146A	miRNA	5	160485352	160485450	1	MIR3142HG	ENSG00000253522	intragenic
ENSG00000198983	MIR449A	miRNA	5	55170532	55170622	-1	CDC20B	ENSG00000164287	intragenic
ENSG00000207728	MIR449B	miRNA	5	55170646	55170742	-1	CDC20B	ENSG00000164287	intragenic
ENSG00000251856	MIR449C	miRNA	5	55172262	55172353	-1	CDC20B	ENSG00000164287	intragenic
ENSG00000207578	MIR583	miRNA	5	96079138	96079212	1	CAST	ENSG00000153113	intragenic
ENSG00000284000	MIR4458	miRNA	5	8460925	8460999	1	MIR4458HG	ENSG00000247516	intragenic
ENSG00000207775	MIR548A1	miRNA	6	18571784	18571880	1	MIR548A1HG	ENSG00000283408	intragenic
ENSG00000264056	MIR5685	miRNA	6	53276993	53277071	1	ELOVL5	ENSG00000012660	antisense
ENSG00000212017	MIR548U	miRNA	6	57390132	57390212	1	PRIM2	ENSG00000146143	intragenic
ENSG00000263734	MIR4643	miRNA	6	91521660	91521737	1			intergenic
ENSG00000265226	MIR548AI	miRNA	6	99124609	99124696	1			intergenic
ENSG00000238367	MIR2113	miRNA	6	98024531	98024621	1		ENSG00000271860	intragenic
ENSG00000266760	MIR4464	miRNA	6	90312742	90312833	1		ENSG00000260271	intragenic
ENSG00000207632	MIR588	miRNA	6	126484631	126484713	1		ENSG00000293110	antisense
ENSG00000265725	MIR3144	miRNA	6	120015179	120015257	1		ENSG00000308468	intragenic
ENSG00000283409	MIR3662	miRNA	6	134979338	134979432	-1	HBS1L	ENSG00000112339	intragenic
ENSG00000207982	MIR548B	miRNA	6	119069047	119069143	-1		ENSG00000253194	antisense
ENSG00000207982	MIR548B	miRNA	6	119069047	119069143	-1	FAM184A	ENSG00000111879	intragenic
ENSG00000221456	MIR1202	miRNA	6	155946797	155946879	1		ENSG00000287092	antisense
ENSG00000266245	MIR4644	miRNA	6	170330761	170330844	1	FAM120B	ENSG00000112584	intragenic
ENSG00000278571	MIR7161	miRNA	6	158609707	158609790	1	TATDN2P2	ENSG00000218226	antisense
ENSG00000278571	MIR7161	miRNA	6	158609707	158609790	1	TMEM181	ENSG00000146433	intragenic
ENSG00000265828	MIR3939	miRNA	6	166997807	166997912	-1		ENSG00000285730	intragenic
ENSG00000265828	MIR3939	miRNA	6	166997807	166997912	-1		ENSG00000227598	intragenic
ENSG00000266750	MIR4645	miRNA	6	2854031	2854107	-1	SERPINB9P1	ENSG00000230438	intragenic
ENSG00000266750	MIR4645	miRNA	6	2854031	2854107	-1		ENSG00000302483	antisense
ENSG00000266180	MIR4282	miRNA	6	72967687	72967753	-1	KCNQ5	ENSG00000185760	antisense
ENSG00000207577	MIR587	miRNA	6	106784125	106784220	1	LINC02532	ENSG00000235142	antisense
ENSG00000264814	MIR1273C	miRNA	6	154853360	154853436	1	TIAM2	ENSG00000146426	intragenic
ENSG00000284370	MIR4640	miRNA	6	30890883	30890972	1	DDR1	ENSG00000204580	intragenic
ENSG00000222958	MIR1913	miRNA	6	166509354	166509433	-1	RPS6KA2	ENSG00000071242	intragenic
ENSG00000263572	MIR7853	miRNA	6	6169304	6169435	-1	F13A1	ENSG00000124491	intragenic
ENSG00000283616	MIR5683	miRNA	6	6169334	6169409	1	F13A1	ENSG00000124491	antisense
ENSG00000265558	MIR3918	miRNA	6	158764661	158764753	-1	SYTL3	ENSG00000164674	antisense
ENSG00000266494	MIR4641	miRNA	6	41598723	41598788	1	FOXP4	ENSG00000137166	intragenic
ENSG00000274494	MIR6832	miRNA	6	31633787	31633858	1	PRRC2A	ENSG00000204469	intragenic
ENSG00000266776	MIR4646	miRNA	6	31701029	31701091	-1		ENSG00000204422	intragenic
ENSG00000266776	MIR4646	miRNA	6	31701029	31701091	-1	ABHD16A	ENSG00000204427	intragenic
ENSG00000277402	MIR6891	miRNA	6	31355224	31355316	-1		ENSG00000298396	antisense
ENSG00000277402	MIR6891	miRNA	6	31355224	31355316	-1		ENSG00000298426	antisense
ENSG00000277402	MIR6891	miRNA	6	31355224	31355316	-1	HLA-B	ENSG00000234745	intragenic
ENSG00000216101	MIR877	miRNA	6	30584332	30584417	1	ABCF1	ENSG00000204574	intragenic
ENSG00000266617	MIR3692	miRNA	6	157529132	157529200	1	ZDHHC14	ENSG00000175048	intragenic
ENSG00000263926	MIR4462	miRNA	6	37555365	37555422	-1		ENSG00000309723	intragenic
ENSG00000263649	MIR3135B	miRNA	6	32749912	32749979	-1			intergenic
ENSG00000207689	MIR548A2	miRNA	6	135239160	135239256	1			intergenic
ENSG00000284469	MIR6721	miRNA	6	32170030	32170116	-1	PPT2-EGFL8	ENSG00000258388	antisense
ENSG00000284469	MIR6721	miRNA	6	32170030	32170116	-1	AGPAT1	ENSG00000204310	intragenic
ENSG00000284469	MIR6721	miRNA	6	32170030	32170116	-1	EGFL8	ENSG00000241404	antisense
ENSG00000277264	MIR6833	miRNA	6	32179816	32179876	1	RNF5	ENSG00000204308	intragenic
ENSG00000263533	MIR4463	miRNA	6	75428407	75428473	1	FILIP1	ENSG00000118407	antisense
ENSG00000276712	MIR7111	miRNA	6	35470508	35470579	1	RPL10A	ENSG00000198755	intragenic
ENSG00000265527	MIR5690	miRNA	6	35664717	35664789	-1	FKBP5	ENSG00000096060	intragenic
ENSG00000284446	MIR1236	miRNA	6	31956839	31956940	-1	NELFE	ENSG00000204356	intragenic
ENSG00000263514	MIR3668	miRNA	6	140205252	140205326	1		ENSG00000288714	intragenic
ENSG00000264390	MIR4465	miRNA	6	140683814	140683883	1		ENSG00000234147	antisense
ENSG00000264390	MIR4465	miRNA	6	140683814	140683883	1		ENSG00000288714	intragenic
ENSG00000266807	MIR548H5	miRNA	6	131792172	131792231	1			intergenic
ENSG00000199036	MIR219A1	miRNA	6	33207835	33207944	1		ENSG00000288751	antisense
ENSG00000284517	MIR6873	miRNA	6	33287227	33287289	-1	WDR46	ENSG00000227057	intragenic
ENSG00000284064	MIR6834	miRNA	6	33290245	33290325	1	PFDN6	ENSG00000204220	intragenic
ENSG00000284256	MIR5004	miRNA	6	33438331	33438437	1	SYNGAP1-AS1	ENSG00000274259	antisense
ENSG00000284256	MIR5004	miRNA	6	33438331	33438437	1	SYNGAP1	ENSG00000197283	intragenic
ENSG00000265565	MIR3143	miRNA	6	27147626	27147688	1			intergenic
ENSG00000207604	MIR206	miRNA	6	52144349	52144434	1		ENSG00000302165	intragenic
ENSG00000199080	MIR133B	miRNA	6	52148923	52149041	1	LINCMD1	ENSG00000225613	antisense
ENSG00000199080	MIR133B	miRNA	6	52148923	52149041	1		ENSG00000302165	intragenic
ENSG00000276824	MIR7159	miRNA	6	33899135	33899200	1	LINC01016	ENSG00000249346	antisense
ENSG00000276824	MIR7159	miRNA	6	33899135	33899200	1		ENSG00000233183	intragenic
ENSG00000221697	MIR1275	miRNA	6	33999972	34000051	-1			intergenic
ENSG00000276404	MIR6835	miRNA	6	34240673	34240736	1	HMGA1	ENSG00000137309	intragenic
ENSG00000271899	MIR4466	miRNA	6	156779678	156779731	-1		ENSG00000296922	intragenic
ENSG00000271899	MIR4466	miRNA	6	156779678	156779731	-1	ARID1B	ENSG00000049618	antisense
ENSG00000265669	MIR548AJ1	miRNA	6	132115192	132115263	-1	LINC01013	ENSG00000228495	antisense
ENSG00000207769	MIR586	miRNA	6	45197674	45197770	-1	SUPT3H	ENSG00000196284	intragenic
ENSG00000266509	MIR3934	miRNA	6	33698128	33698234	1	UQCC2	ENSG00000137288	antisense
ENSG00000266619	MIR4642	miRNA	6	44435641	44435722	1	CDC5L	ENSG00000096401	intragenic
ENSG00000263712	MIR4639	miRNA	6	16141556	16141624	1	MYLIP	ENSG00000007944	intragenic
ENSG00000263705	MIR5689	miRNA	6	10439717	10439794	1	TFAP2A-AS1	ENSG00000229950	intragenic
ENSG00000263705	MIR5689	miRNA	6	10439717	10439794	1	LINC00518	ENSG00000183674	antisense
ENSG00000284427	MIR4647	miRNA	6	44254206	44254285	-1	SLC35B2	ENSG00000157593	intragenic
ENSG00000276770	MIR6780B	miRNA	6	43434542	43434620	1	ABCC10	ENSG00000124574	intragenic
ENSG00000263894	MIR3925	miRNA	6	36622436	36622512	-1		ENSG00000301446	intragenic
ENSG00000263894	MIR3925	miRNA	6	36622436	36622512	-1	SRSF3	ENSG00000112081	antisense
ENSG00000266555	MIR3145	miRNA	6	138435213	138435294	-1	NHSL1	ENSG00000135540	intragenic
ENSG00000199094	MIR30C2	miRNA	6	71376960	71377031	-1	LINC00472	ENSG00000233237	intragenic
ENSG00000207827	MIR30A	miRNA	6	71403551	71403621	-1	LINC00472	ENSG00000233237	intragenic
ENSG00000265083	MIR3691	miRNA	6	5148233	5148322	-1	LYRM4	ENSG00000214113	intragenic
ENSG00000275859	MIR6720	miRNA	6	1390314	1390411	-1	FOXF2-AS1	ENSG00000281809	intragenic
ENSG00000275859	MIR6720	miRNA	6	1390314	1390411	-1	FOXF2	ENSG00000137273	antisense
ENSG00000264474	MIR4656	miRNA	7	4788565	4788639	-1	AP5Z1	ENSG00000242802	antisense
ENSG00000221783	MIR1183	miRNA	7	21471058	21471146	1	SP4	ENSG00000105866	intragenic
ENSG00000207771	MIR550A1	miRNA	7	30289794	30289890	1	ZNRF2	ENSG00000180233	intragenic
ENSG00000283237	MIR550B1	miRNA	7	30289794	30289890	-1	ZNRF2	ENSG00000180233	antisense
ENSG00000207573	MIR550A2	miRNA	7	32732981	32733077	1	DPY19L1P1	ENSG00000229358	antisense
ENSG00000207573	MIR550A2	miRNA	7	32732981	32733077	1		ENSG00000293076	intragenic
ENSG00000283461	MIR550B2	miRNA	7	32732981	32733077	-1	DPY19L1P1	ENSG00000229358	intragenic
ENSG00000283461	MIR550B2	miRNA	7	32732981	32733077	-1		ENSG00000293076	antisense
ENSG00000221325	MIR1200	miRNA	7	36919357	36919432	-1	ELMO1	ENSG00000155849	intragenic
ENSG00000264069	MIR3943	miRNA	7	43150895	43150994	1	HECW1-IT1	ENSG00000181211	intragenic
ENSG00000264069	MIR3943	miRNA	7	43150895	43150994	1	HECW1	ENSG00000002746	intragenic
ENSG00000266318	MIR5692A1	miRNA	7	97963658	97963726	1		ENSG00000284707	antisense
ENSG00000266668	MIR5692C2	miRNA	7	97964405	97964481	-1		ENSG00000284707	intragenic
ENSG00000208025	MIR591	miRNA	7	96219662	96219756	-1	SLC25A13	ENSG00000004864	intragenic
ENSG00000264425	MIR4653	miRNA	7	101159473	101159555	1	AP1S1	ENSG00000106367	intragenic
ENSG00000284135	MIR3654	miRNA	7	133034860	133034915	-1		ENSG00000283041	intragenic
ENSG00000284135	MIR3654	miRNA	7	133034860	133034915	-1	CHCHD3	ENSG00000106554	intragenic
ENSG00000284028	MIR4468	miRNA	7	138123758	138123821	1	RCC2P3	ENSG00000233951	intragenic
ENSG00000272230	MIR3666	miRNA	7	114653345	114653455	1		ENSG00000303050	antisense
ENSG00000272230	MIR3666	miRNA	7	114653345	114653455	1	FOXP2	ENSG00000128573	intragenic
ENSG00000207547	MIR25	miRNA	7	100093560	100093643	-1	MCM7	ENSG00000166508	intragenic
ENSG00000207547	MIR25	miRNA	7	100093560	100093643	-1	COPS6	ENSG00000168090	antisense
ENSG00000207757	MIR93	miRNA	7	100093768	100093847	-1	MCM7	ENSG00000166508	intragenic
ENSG00000207757	MIR93	miRNA	7	100093768	100093847	-1	COPS6	ENSG00000168090	antisense
ENSG00000208036	MIR106B	miRNA	7	100093993	100094074	-1	MCM7	ENSG00000166508	intragenic
ENSG00000208036	MIR106B	miRNA	7	100093993	100094074	-1	COPS6	ENSG00000168090	antisense
ENSG00000284518	MIR4658	miRNA	7	100156605	100156669	-1	TRAPPC14	ENSG00000146826	intragenic
ENSG00000284012	MIR6840	miRNA	7	100356651	100356721	1	STAG3L5P-PVRIG2P-PILRB	ENSG00000272752	intragenic
ENSG00000284012	MIR6840	miRNA	7	100356651	100356721	1	PILRB	ENSG00000121716	intragenic
ENSG00000266019	MIR3609	miRNA	7	98881650	98881729	1	TRRAP	ENSG00000196367	intragenic
ENSG00000221520	MIR1285-1	miRNA	7	92204015	92204098	-1		ENSG00000243107	intragenic
ENSG00000221520	MIR1285-1	miRNA	7	92204015	92204098	-1		ENSG00000289027	intragenic
ENSG00000221520	MIR1285-1	miRNA	7	92204015	92204098	-1		ENSG00000285953	intragenic
ENSG00000221520	MIR1285-1	miRNA	7	92204015	92204098	-1	KRIT1	ENSG00000001631	intragenic
ENSG00000208014	MIR653	miRNA	7	93482760	93482855	-1	CALCR	ENSG00000004948	intragenic
ENSG00000207656	MIR489	miRNA	7	93483936	93484019	-1	CALCR	ENSG00000004948	intragenic
ENSG00000283923	MIR6132	miRNA	7	117020211	117020319	1	ST7-OT4	ENSG00000214188	intragenic
ENSG00000283923	MIR6132	miRNA	7	117020211	117020319	1		ENSG00000288635	intragenic
ENSG00000283923	MIR6132	miRNA	7	117020211	117020319	1	ST7	ENSG00000004866	intragenic
ENSG00000199043	MIR335	miRNA	7	130496111	130496204	1		ENSG00000270823	antisense
ENSG00000199043	MIR335	miRNA	7	130496111	130496204	1	MEST	ENSG00000106484	intragenic
ENSG00000221442	MIR548F4	miRNA	7	147378017	147378121	-1	CNTNAP2	ENSG00000174469	antisense
ENSG00000207973	MIR589	miRNA	7	5495819	5495917	-1	FBXL18	ENSG00000155034	intragenic
ENSG00000283419	MIR6874	miRNA	7	5711840	5711910	-1	RNF216	ENSG00000011275	intragenic
ENSG00000284412	MIR4649	miRNA	7	44110849	44110912	1	AEBP1	ENSG00000106624	intragenic
ENSG00000265724	MIR4284	miRNA	7	73711317	73711397	1	STX1A	ENSG00000106089	antisense
ENSG00000221510	MIR548O	miRNA	7	102405742	102405855	-1	PRKRIP1	ENSG00000128563	antisense
ENSG00000284176	MIR5090	miRNA	7	102465742	102465826	1	LRWD1	ENSG00000161036	intragenic
ENSG00000284596	MIR4467	miRNA	7	102471469	102471531	1	LRWD1	ENSG00000161036	intragenic
ENSG00000264426	MIR4283-1	miRNA	7	56955785	56955864	-1			intergenic
ENSG00000266168	MIR3147	miRNA	7	57405025	57405090	1	MIR3147HG	ENSG00000260653	intragenic
ENSG00000207741	MIR590	miRNA	7	74191198	74191294	1	EIF4H	ENSG00000106682	intragenic
ENSG00000284261	MIR4657	miRNA	7	44881748	44881800	-1	PURB	ENSG00000146676	intragenic
ENSG00000284261	MIR4657	miRNA	7	44881748	44881800	-1	H2AZ2-DT	ENSG00000234183	antisense
ENSG00000284067	MIR6837	miRNA	7	44051766	44051829	1	DBNL	ENSG00000136279	intragenic
ENSG00000283969	MIR6838	miRNA	7	44073378	44073433	-1	POLM	ENSG00000122678	intragenic
ENSG00000221393	MIR1302-6	miRNA	7	18127220	18127309	-1	HDAC9	ENSG00000048052	antisense
ENSG00000283821	MIR6875	miRNA	7	100868036	100868107	1	TRIP6	ENSG00000087077	intragenic
ENSG00000207597	MIR490	miRNA	7	136903167	136903294	1		ENSG00000234352	antisense
ENSG00000207597	MIR490	miRNA	7	136903167	136903294	1	CHRM2	ENSG00000181072	intragenic
ENSG00000264675	MIR4285	miRNA	7	102293103	102293187	1	SH2B2	ENSG00000160999	intragenic
ENSG00000265089	MIR4655	miRNA	7	1844180	1844253	-1		ENSG00000286192	intragenic
ENSG00000265089	MIR4655	miRNA	7	1844180	1844253	-1		ENSG00000176349	antisense
ENSG00000265089	MIR4655	miRNA	7	1844180	1844253	-1	MAD1L1	ENSG00000002822	intragenic
ENSG00000284047	MIR6836	miRNA	7	2257515	2257577	-1	SNX8	ENSG00000106266	intragenic
ENSG00000278449	MIR6892	miRNA	7	143382686	143382800	1	ZYX	ENSG00000159840	intragenic
ENSG00000277138	MIR6509	miRNA	7	135206994	135207078	-1		ENSG00000231794	antisense
ENSG00000277138	MIR6509	miRNA	7	135206994	135207078	-1	WDR91	ENSG00000105875	intragenic
ENSG00000264494	MIR4650-2	miRNA	7	72697903	72697978	1	TYW1B	ENSG00000277149	antisense
ENSG00000283745	MIR196B	miRNA	7	27169480	27169563	-1	HOXA10-AS	ENSG00000253187	antisense
ENSG00000283745	MIR196B	miRNA	7	27169480	27169563	-1		ENSG00000293630	antisense
ENSG00000283745	MIR196B	miRNA	7	27169480	27169563	-1	HOXA10-HOXA9	ENSG00000257184	intragenic
ENSG00000283745	MIR196B	miRNA	7	27169480	27169563	-1	HOXA9	ENSG00000078399	intragenic
ENSG00000275667	MIR6839	miRNA	7	64679064	64679176	1	BNIP3P11	ENSG00000271550	antisense
ENSG00000275667	MIR6839	miRNA	7	64679064	64679176	1	ZNF107	ENSG00000196247	intragenic
ENSG00000284334	MIR4651	miRNA	7	75915197	75915269	1	POR	ENSG00000127948	intragenic
ENSG00000264357	MIR4648	miRNA	7	2527074	2527145	1	LFNG	ENSG00000106003	intragenic
ENSG00000212024	MIR550A3	miRNA	7	29680734	29680828	-1	DPY19L2P3	ENSG00000227855	antisense
ENSG00000212024	MIR550A3	miRNA	7	29680734	29680828	-1	PRR15-DT	ENSG00000223813	intragenic
ENSG00000221669	MIR548N	miRNA	7	34940760	34940834	-1		ENSG00000294671	antisense
ENSG00000221669	MIR548N	miRNA	7	34940760	34940834	-1	DPY19L1	ENSG00000173852	intragenic
ENSG00000266525	MIR4650-1	miRNA	7	67114322	67114397	-1		ENSG00000291154	intragenic
ENSG00000266525	MIR4650-1	miRNA	7	67114322	67114397	-1	TYW1	ENSG00000198874	antisense
ENSG00000199085	MIR148A	miRNA	7	25949919	25949986	-1		ENSG00000293754	intragenic
ENSG00000199085	MIR148A	miRNA	7	25949919	25949986	-1		ENSG00000270933	intragenic
ENSG00000284032	MIR29A	miRNA	7	130876747	130876810	-1	LINC-PINT	ENSG00000231721	intragenic
ENSG00000284032	MIR29A	miRNA	7	130876747	130876810	-1	LINC00513	ENSG00000233559	antisense
ENSG00000283797	MIR29B1	miRNA	7	130877459	130877539	-1	LINC-PINT	ENSG00000231721	intragenic
ENSG00000283797	MIR29B1	miRNA	7	130877459	130877539	-1	LINC00513	ENSG00000233559	antisense
ENSG00000265214	MIR4283-2	miRNA	7	63621090	63621169	1			intergenic
ENSG00000276137	MIR6133	miRNA	7	133290881	133290988	1	EXOC4	ENSG00000131558	intragenic
ENSG00000207990	MIR182	miRNA	7	129770383	129770492	-1		ENSG00000286380	intragenic
ENSG00000199158	MIR96	miRNA	7	129774692	129774769	-1		ENSG00000286380	intragenic
ENSG00000207691	MIR183	miRNA	7	129774905	129775014	-1		ENSG00000304993	antisense
ENSG00000207691	MIR183	miRNA	7	129774905	129775014	-1		ENSG00000286380	intragenic
ENSG00000207692	MIR592	miRNA	7	127058088	127058184	-1	GRM8	ENSG00000179603	intragenic
ENSG00000265932	MIR3146	miRNA	7	19705358	19705436	-1	POLR1F	ENSG00000105849	intragenic
ENSG00000265878	MIR3914-1	miRNA	7	71307672	71307770	-1	GALNT17	ENSG00000185274	antisense
ENSG00000283278	MIR3914-2	miRNA	7	71307674	71307768	1	GALNT17	ENSG00000185274	intragenic
ENSG00000207960	MIR153-2	miRNA	7	157574336	157574422	-1	PTPRN2	ENSG00000155093	intragenic
ENSG00000207637	MIR595	miRNA	7	158532718	158532813	-1	PTPRN2	ENSG00000155093	intragenic
ENSG00000265598	MIR5707	miRNA	7	158591616	158591696	1			intergenic
ENSG00000207588	MIR593	miRNA	7	128081861	128081960	1	SND1	ENSG00000197157	intragenic
ENSG00000207705	MIR129-1	miRNA	7	128207872	128207943	1		ENSG00000292309	intragenic
ENSG00000265810	MIR3907	miRNA	7	151433489	151433639	-1	CRYGN-AS1	ENSG00000241456	antisense
ENSG00000265810	MIR3907	miRNA	7	151433489	151433639	-1	CRYGN	ENSG00000127377	intragenic
ENSG00000265423	MIR4652	miRNA	7	93716928	93717005	1	GNGT1	ENSG00000127928	intragenic
ENSG00000284191	MIR671	miRNA	7	151238421	151238538	1	CHPF2	ENSG00000033100	intragenic
ENSG00000266287	MIR3683	miRNA	7	7066964	7067045	-1		ENSG00000287860	intragenic
ENSG00000199023	MIR339	miRNA	7	1022933	1023026	-1	CHLSN	ENSG00000146540	intragenic
ENSG00000199127	MIR383	miRNA	8	14853438	14853510	-1	SGCZ	ENSG00000185053	intragenic
ENSG00000264788	MIR3148	miRNA	8	29957272	29957348	-1			intergenic
ENSG00000221616	MIR548H4	miRNA	8	27048853	27048963	-1			intergenic
ENSG00000263372	MIR548AO	miRNA	8	41271048	41271143	-1	SFRP1	ENSG00000104332	intragenic
ENSG00000207816	MIR124-2	miRNA	8	64379149	64379257	1	MIR124-2HG	ENSG00000254377	intragenic
ENSG00000277063	MIR8084	miRNA	8	93029751	93029839	1			intergenic
ENSG00000265588	MIR5708	miRNA	8	80241389	80241473	1		ENSG00000253238	intragenic
ENSG00000284288	MIR378D2	miRNA	8	93916022	93916119	-1	MIR378D2HG	ENSG00000264448	intragenic
ENSG00000284288	MIR378D2	miRNA	8	93916022	93916119	-1	PDP1	ENSG00000164951	antisense
ENSG00000221753		miRNA	8	100023982	100024084	-1	RGS22	ENSG00000132554	intragenic
ENSG00000266756	MIR5680	miRNA	8	102125432	102125515	1		ENSG00000310378	intragenic
ENSG00000238399	MIR2053	miRNA	8	112643493	112643583	1	CSMD3	ENSG00000164796	antisense
ENSG00000276479	MIR548AZ	miRNA	8	119325171	119325265	1			intergenic
ENSG00000276961	MIR7848	miRNA	8	133046481	133046581	-1	TG	ENSG00000042832	antisense
ENSG00000276961	MIR7848	miRNA	8	133046481	133046581	-1	SLA	ENSG00000155926	intragenic
ENSG00000221768	MIR1302-7	miRNA	8	141786242	141786313	-1			intergenic
ENSG00000221771	MIR1205	miRNA	8	127960633	127960695	1	PVT1	ENSG00000249859	intragenic
ENSG00000283200	MIR1206	miRNA	8	128008898	128008956	1	PVT1	ENSG00000249859	intragenic
ENSG00000221176	MIR1207	miRNA	8	128049152	128049238	1	PVT1	ENSG00000249859	intragenic
ENSG00000266502	MIR5681A	miRNA	8	74548543	74548617	1			intergenic
ENSG00000283505	MIR5681B	miRNA	8	74548550	74548609	-1			intergenic
ENSG00000283188	MIR2052	miRNA	8	74705693	74705747	1	MIR2052HG	ENSG00000254349	intragenic
ENSG00000283327	MIR6841	miRNA	8	24953796	24953867	-1	NEFL	ENSG00000277586	intragenic
ENSG00000263763	MIR3686	miRNA	8	129484057	129484142	-1	CCDC26	ENSG00000229140	intragenic
ENSG00000284054	MIR7112	miRNA	8	144262673	144262737	-1	BOP1	ENSG00000261236	intragenic
ENSG00000284229	MIR6848	miRNA	8	144317246	144317315	-1	DGAT1	ENSG00000185000	intragenic
ENSG00000284310	MIR939	miRNA	8	144394149	144394230	-1	CPSF1	ENSG00000071894	intragenic
ENSG00000284139	MIR1234	miRNA	8	144400086	144400165	-1	CPSF1	ENSG00000071894	intragenic
ENSG00000283770	MIR6849	miRNA	8	144400277	144400345	-1	CPSF1	ENSG00000071894	intragenic
ENSG00000265660	MIR4664	miRNA	8	143733083	143733153	-1	FAM83H	ENSG00000180921	intragenic
ENSG00000284224	MIR937	miRNA	8	143812957	143813042	-1	SCRIB	ENSG00000180900	intragenic
ENSG00000284142	MIR6845	miRNA	8	143837756	143837816	-1	NRBP2	ENSG00000185189	intragenic
ENSG00000207574	MIR661	miRNA	8	143945191	143945279	-1	PLEC	ENSG00000178209	intragenic
ENSG00000277888	MIR6846	miRNA	8	144057321	144057380	-1	OPLAH	ENSG00000178814	intragenic
ENSG00000284200	MIR6847	miRNA	8	144079874	144079942	1		ENSG00000290230	intragenic
ENSG00000284200	MIR6847	miRNA	8	144079874	144079942	1	EXOSC4	ENSG00000178896	intragenic
ENSG00000284570	MIR7705	miRNA	8	100702968	100703024	-1		ENSG00000310385	antisense
ENSG00000284570	MIR7705	miRNA	8	100702968	100703024	-1	PABPC1	ENSG00000070756	intragenic
ENSG00000284087	MIR6844	miRNA	8	124508515	124508576	-1	TATDN1	ENSG00000147687	intragenic
ENSG00000263735	MIR4662B	miRNA	8	124821978	124822058	-1		ENSG00000255491	intragenic
ENSG00000283609	MIR4662A	miRNA	8	124821985	124822051	1		ENSG00000255491	antisense
ENSG00000207804	MIR599	miRNA	8	99536636	99536730	-1	VPS13B	ENSG00000132549	antisense
ENSG00000216069	MIR875	miRNA	8	99536786	99536861	-1	VPS13B	ENSG00000132549	antisense
ENSG00000221305	MIR548I3	miRNA	8	8088941	8089089	-1		ENSG00000284606	antisense
ENSG00000221305	MIR548I3	miRNA	8	8088941	8089089	-1	FAM85B	ENSG00000253893	intragenic
ENSG00000265251	MIR4288	miRNA	8	28505116	28505182	-1	FZD3	ENSG00000104290	antisense
ENSG00000283764	MIR6850	miRNA	8	144791931	144791991	-1	RPL8	ENSG00000161016	intragenic
ENSG00000283858	MIR3674	miRNA	8	1801125	1801192	1	KBTBD11-OT1	ENSG00000283239	intragenic
ENSG00000283858	MIR3674	miRNA	8	1801125	1801192	1		ENSG00000287464	antisense
ENSG00000283858	MIR3674	miRNA	8	1801125	1801192	1	CLN8	ENSG00000182372	intragenic
ENSG00000207826	MIR596	miRNA	8	1817231	1817307	1	KBTBD11-OT1	ENSG00000283239	intragenic
ENSG00000273593	MIR7160	miRNA	8	2076589	2076640	1	MYOM2	ENSG00000036448	intragenic
ENSG00000208032	MIR548A3	miRNA	8	104484369	104484465	-1			intergenic
ENSG00000276580	MIR8055	miRNA	8	6622124	6622220	-1	MCPH1-AS1	ENSG00000249898	intragenic
ENSG00000276580	MIR8055	miRNA	8	6622124	6622220	-1	MCPH1	ENSG00000147316	antisense
ENSG00000266038	MIR4659A	miRNA	8	6745164	6745244	1	AGPAT5	ENSG00000155189	intragenic
ENSG00000283386	MIR4659B	miRNA	8	6745168	6745240	-1	AGPAT5	ENSG00000155189	antisense
ENSG00000283956	MIR3610	miRNA	8	116874728	116874800	-1	RAD21-AS1	ENSG00000253327	antisense
ENSG00000283956	MIR3610	miRNA	8	116874728	116874800	-1	RAD21	ENSG00000164754	intragenic
ENSG00000276598	MIR6893	miRNA	8	144435551	144435619	-1	TONSL	ENSG00000160949	intragenic
ENSG00000266324	MIR4663	miRNA	8	123215788	123215863	-1			intergenic
ENSG00000265520	MIR548V	miRNA	8	17681578	17681657	-1	MTUS1	ENSG00000129422	intragenic
ENSG00000254324	MIR151A	miRNA	8	140732564	140732653	-1	PTK2	ENSG00000169398	intragenic
ENSG00000266194	MIR4661	miRNA	8	91205485	91205559	1	LRRC69	ENSG00000214954	intragenic
ENSG00000284147	MIR3150B	miRNA	8	95072911	95072996	-1		ENSG00000254248	intragenic
ENSG00000284147	MIR3150B	miRNA	8	95072911	95072996	-1	MIR3150BHG	ENSG00000245080	intragenic
ENSG00000284147	MIR3150B	miRNA	8	95072911	95072996	-1	NDUFAF6	ENSG00000156170	antisense
ENSG00000283522	MIR3150A	miRNA	8	95072914	95072993	1		ENSG00000254248	antisense
ENSG00000283522	MIR3150A	miRNA	8	95072914	95072993	1	MIR3150BHG	ENSG00000245080	antisense
ENSG00000283522	MIR3150A	miRNA	8	95072914	95072993	1	NDUFAF6	ENSG00000156170	intragenic
ENSG00000273836	MIR6842	miRNA	8	27433370	27433434	1	PTK2B	ENSG00000120899	intragenic
ENSG00000284280	MIR6843	miRNA	8	27610601	27610751	-1	CLU	ENSG00000120885	intragenic
ENSG00000265075	MIR3622B	miRNA	8	27701673	27701767	-1		ENSG00000279302	antisense
ENSG00000284351	MIR3622A	miRNA	8	27701677	27701759	1		ENSG00000279302	intragenic
ENSG00000265847	MIR4287	miRNA	8	27886039	27886116	-1	SCARA5	ENSG00000168079	intragenic
ENSG00000264653	MIR5194	miRNA	8	130008334	130008453	-1	CYRIB	ENSG00000153310	intragenic
ENSG00000284062	MIR4469	miRNA	8	42896197	42896275	-1	RNF170	ENSG00000120925	intragenic
ENSG00000274705	MIR486-1	miRNA	8	41660441	41660508	-1	ANK1	ENSG00000029534	intragenic
ENSG00000283450	MIR486-2	miRNA	8	41660444	41660507	1	ANK1	ENSG00000029534	antisense
ENSG00000264408	MIR4470	miRNA	8	61714788	61714859	1			intergenic
ENSG00000283710	MIR1204	miRNA	8	127795962	127796028	1	PVT1	ENSG00000249859	intragenic
ENSG00000274988	MIR6876	miRNA	8	25345402	25345474	1	DOCK5	ENSG00000147459	intragenic
ENSG00000265657	MIR3151	miRNA	8	103154614	103154689	1	BAALC-AS1	ENSG00000247081	antisense
ENSG00000265657	MIR3151	miRNA	8	103154614	103154689	1	BAALC	ENSG00000164929	intragenic
ENSG00000207582	MIR30B	miRNA	8	134800520	134800607	-1		ENSG00000289405	intragenic
ENSG00000199153	MIR30D	miRNA	8	134804876	134804945	-1		ENSG00000289405	intragenic
ENSG00000264512	MIR5692A2	miRNA	8	12719132	12719190	1			intergenic
ENSG00000266206	MIR3926-1	miRNA	8	12727232	12727304	-1	LONRF1	ENSG00000154359	intragenic
ENSG00000283523	MIR3926-2	miRNA	8	12727237	12727299	1	LONRF1	ENSG00000154359	antisense
ENSG00000265247	MIR4472-1	miRNA	8	142176339	142176418	1		ENSG00000287332	antisense
ENSG00000265599	MIR4471	miRNA	8	100382763	100382845	1		ENSG00000253824	antisense
ENSG00000265599	MIR4471	miRNA	8	100382763	100382845	1		ENSG00000253217	intragenic
ENSG00000208037	MIR320A	miRNA	8	22244962	22245043	-1			intergenic
ENSG00000221261	MIR1208	miRNA	8	128150116	128150188	1		ENSG00000309955	antisense
ENSG00000221261	MIR1208	miRNA	8	128150116	128150188	1	PVT1	ENSG00000249859	intragenic
ENSG00000283172	MIR548D1	miRNA	8	123348034	123348130	-1	ATAD2	ENSG00000156802	intragenic
ENSG00000207704	MIR548AA1	miRNA	8	123348034	123348130	1	ATAD2	ENSG00000156802	antisense
ENSG00000263407	MIR4660	miRNA	8	9048445	9048518	1	ERI1	ENSG00000104626	intragenic
ENSG00000207701	MIR597	miRNA	8	9741672	9741768	1	TNKS	ENSG00000173273	intragenic
ENSG00000284321	MIR124-1	miRNA	8	9903388	9903472	-1	MIR124-1HG	ENSG00000253230	intragenic
ENSG00000263762	MIR4286	miRNA	8	10666978	10667070	1	RP1L1	ENSG00000183638	antisense
ENSG00000283210	MIR1322	miRNA	8	10825373	10825443	-1	PINX1	ENSG00000258724	intragenic
ENSG00000283210	MIR1322	miRNA	8	10825373	10825443	-1	PINX1	ENSG00000254093	intragenic
ENSG00000207600	MIR598	miRNA	8	11035206	11035302	-1	XKR6	ENSG00000171044	intragenic
ENSG00000266712	MIR3149	miRNA	8	76966768	76966850	-1			intergenic
ENSG00000199065	MIR101-2	miRNA	9	4850297	4850375	1	RCL1	ENSG00000120158	intragenic
ENSG00000276029	MIR4477A	miRNA	9	41233755	41233835	1		ENSG00000308900	antisense
ENSG00000263967	MIR4290	miRNA	9	90023441	90023535	-1	MIR4290HG	ENSG00000227555	intragenic
ENSG00000265347	MIR4291	miRNA	9	93819357	93819421	1		ENSG00000231990	intragenic
ENSG00000265873	MIR4289	miRNA	9	88745836	88745905	-1		ENSG00000286414	intragenic
ENSG00000274263	MIR7702	miRNA	9	111271156	111271214	-1		ENSG00000227531	intragenic
ENSG00000263861	MIR3927	miRNA	9	109511475	109511545	-1		ENSG00000294633	intragenic
ENSG00000263861	MIR3927	miRNA	9	109511475	109511545	-1	PALM2AKAP2	ENSG00000157654	antisense
ENSG00000207814	MIR147A	miRNA	9	120244979	120245050	-1			intergenic
ENSG00000207726	MIR455	miRNA	9	114209434	114209529	1	COL27A1	ENSG00000196739	intragenic
ENSG00000207595	MIR181A2	miRNA	9	124692442	124692551	1	MIR181A2HG	ENSG00000224020	intragenic
ENSG00000207595	MIR181A2	miRNA	9	124692442	124692551	1	NR6A1	ENSG00000148200	antisense
ENSG00000207737	MIR181B2	miRNA	9	124693710	124693798	1	MIR181A2HG	ENSG00000224020	intragenic
ENSG00000207737	MIR181B2	miRNA	9	124693710	124693798	1	NR6A1	ENSG00000148200	antisense
ENSG00000263897	MIR4669	miRNA	9	134379411	134379472	1	RXRA	ENSG00000186350	intragenic
ENSG00000283874	MIR3911	miRNA	9	127690687	127690795	-1		ENSG00000279571	intragenic
ENSG00000283874	MIR3911	miRNA	9	127690687	127690795	-1	STXBP1	ENSG00000136854	antisense
ENSG00000283874	MIR3911	miRNA	9	127690687	127690795	-1	PTRH1	ENSG00000187024	intragenic
ENSG00000283863	MIR3960	miRNA	9	127785833	127785923	1	CDK9	ENSG00000136807	intragenic
ENSG00000284547	MIR2861	miRNA	9	127785918	127786007	1	CDK9	ENSG00000136807	intragenic
ENSG00000284185	MIR219A2	miRNA	9	128392618	128392714	-1	MIR219A2HG	ENSG00000207955	intragenic
ENSG00000283335	MIR219B	miRNA	9	128392621	128392708	1	MIR219A2HG	ENSG00000207955	antisense
ENSG00000281156	MIR3651	miRNA	9	92292458	92292547	-1	IARS1	ENSG00000196305	intragenic
ENSG00000264158	MIR4670	miRNA	9	92527984	92528058	-1	ECM2	ENSG00000106823	intragenic
ENSG00000264158	MIR4670	miRNA	9	92527984	92528058	-1	CENPP	ENSG00000188312	antisense
ENSG00000284179	MIR7-1	miRNA	9	83969748	83969857	-1	HNRNPK-AS1	ENSG00000235298	antisense
ENSG00000284179	MIR7-1	miRNA	9	83969748	83969857	-1	HNRNPK	ENSG00000165119	intragenic
ENSG00000263892	MIR4667	miRNA	9	35608094	35608159	1	TESK1	ENSG00000107140	intragenic
ENSG00000284195	MIR6852	miRNA	9	35710676	35710741	-1	TLN1	ENSG00000137076	intragenic
ENSG00000273945	MIR6853	miRNA	9	35732922	35732995	1	CREB3	ENSG00000107175	intragenic
ENSG00000263790	MIR4473	miRNA	9	20411148	20411238	-1	MLLT3	ENSG00000171843	intragenic
ENSG00000264941	MIR4474	miRNA	9	20502265	20502342	-1	MLLT3	ENSG00000171843	intragenic
ENSG00000207609	MIR491	miRNA	9	20716105	20716188	1	FOCAD	ENSG00000188352	intragenic
ENSG00000284317	MIR7114	miRNA	9	137450026	137450086	-1	NSMF	ENSG00000165802	intragenic
ENSG00000283146	MIR548AU	miRNA	9	93594841	93594894	1	PHF2	ENSG00000197724	intragenic
ENSG00000277889	MIR8081	miRNA	9	106600928	106601022	1	LINC01505	ENSG00000234323	intragenic
ENSG00000207698	MIR32	miRNA	9	109046229	109046298	-1	TMEM245	ENSG00000106771	intragenic
ENSG00000277713	MIR6856	miRNA	9	130626297	130626363	1	FUBP3	ENSG00000107164	intragenic
ENSG00000283941	MIR600	miRNA	9	123111546	123111643	-1	MIR600HG	ENSG00000236901	intragenic
ENSG00000283941	MIR600	miRNA	9	123111546	123111643	-1	RABGAP1	ENSG00000011454	antisense
ENSG00000283941	MIR600	miRNA	9	123111546	123111643	-1	STRBP	ENSG00000165209	intragenic
ENSG00000199161	MIR126	miRNA	9	136670602	136670686	1	EGFL7	ENSG00000172889	intragenic
ENSG00000278756	MIR6722	miRNA	9	136746893	136746970	-1		ENSG00000204003	intragenic
ENSG00000278756	MIR6722	miRNA	9	136746893	136746970	-1		ENSG00000299551	antisense
ENSG00000278756	MIR6722	miRNA	9	136746893	136746970	-1	LCN6	ENSG00000267206	intragenic
ENSG00000265806	MIR4292	miRNA	9	136830957	136831023	1	RABL6	ENSG00000196642	intragenic
ENSG00000266507	MIR4479	miRNA	9	136886733	136886803	1	TRAF2	ENSG00000127191	intragenic
ENSG00000252153	MIR2278	miRNA	9	94809962	94810057	1	AOPEP	ENSG00000148120	intragenic
ENSG00000274115	MIR6081	miRNA	9	95065350	95065446	1	AOPEP	ENSG00000148120	intragenic
ENSG00000207563	MIR23B	miRNA	9	95085208	95085304	1	AOPEP	ENSG00000148120	intragenic
ENSG00000207864	MIR27B	miRNA	9	95085445	95085541	1	AOPEP	ENSG00000148120	intragenic
ENSG00000207617	MIR3074	miRNA	9	95086014	95086094	-1	AOPEP	ENSG00000148120	antisense
ENSG00000284459	MIR24-1	miRNA	9	95086021	95086088	1	AOPEP	ENSG00000148120	intragenic
ENSG00000263979	MIR4672	miRNA	9	127869415	127869495	-1		ENSG00000257524	intragenic
ENSG00000263979	MIR4672	miRNA	9	127869415	127869495	-1	AK1	ENSG00000106992	intragenic
ENSG00000266583	MIR4478	miRNA	9	122120082	122120167	-1		ENSG00000301342	antisense
ENSG00000266583	MIR4478	miRNA	9	122120082	122120167	-1	NDUFA8	ENSG00000119421	intragenic
ENSG00000207935	MIR204	miRNA	9	70809975	70810084	-1	TRPM3	ENSG00000083067	intragenic
ENSG00000264638	MIR3152	miRNA	9	18573306	18573379	1	ADAMTSL1	ENSG00000178031	intragenic
ENSG00000273932	MIR6877	miRNA	9	133051996	133052059	1	GTF3C5	ENSG00000148308	intragenic
ENSG00000263816	MIR548AW	miRNA	9	132945707	132945771	1	GFI1B	ENSG00000165702	intragenic
ENSG00000263816	MIR548AW	miRNA	9	132945707	132945771	1	TSC1	ENSG00000165699	antisense
ENSG00000283921	MIR1302-9	miRNA	9	30144	30281	1	MIR1302-9HG	ENSG00000227518	intragenic
ENSG00000283921	MIR1302-9	miRNA	9	30144	30281	1	WASHC1	ENSG00000181404	antisense
ENSG00000266017	MIR4477B	miRNA	9	63819574	63819654	1			intergenic
ENSG00000266315	MIR4668	miRNA	9	111932100	111932169	1	UGCG	ENSG00000148154	intragenic
ENSG00000275651	MIR6851	miRNA	9	33467869	33467935	-1	NOL6	ENSG00000165271	intragenic
ENSG00000207991	MIR601	miRNA	9	123402525	123402603	-1	DENND1A	ENSG00000119522	intragenic
ENSG00000274932	MIR7150	miRNA	9	123485529	123485622	-1	DENND1A	ENSG00000119522	intragenic
ENSG00000207581	MIR199B	miRNA	9	128244721	128244830	-1	DNM1	ENSG00000106976	antisense
ENSG00000264823	MIR3154	miRNA	9	128244947	128245030	-1	DNM1	ENSG00000106976	antisense
ENSG00000263403	MIR4673	miRNA	9	136519568	136519626	-1	NOTCH1	ENSG00000148400	intragenic
ENSG00000265181	MIR4674	miRNA	9	136546173	136546259	-1	NALT1	ENSG00000237886	antisense
ENSG00000199177	MIR31	miRNA	9	21512115	21512185	-1	MIR31HG	ENSG00000171889	intragenic
ENSG00000221269	MIR1302-8	miRNA	9	97363554	97363681	-1	SUGT1P4-STRA6LP-CCDC180	ENSG00000255036	antisense
ENSG00000221269	MIR1302-8	miRNA	9	97363554	97363681	-1	CCDC180	ENSG00000197816	antisense
ENSG00000263697	MIR3621	miRNA	9	137169186	137169270	-1		ENSG00000261793	intragenic
ENSG00000263697	MIR3621	miRNA	9	137169186	137169270	-1	LRRC26	ENSG00000184709	intragenic
ENSG00000215966	MIR876	miRNA	9	28863626	28863706	-1	LINGO2	ENSG00000174482	intragenic
ENSG00000215939	MIR873	miRNA	9	28888879	28888955	-1	LINGO2	ENSG00000174482	intragenic
ENSG00000265112	MIR3153	miRNA	9	89312225	89312306	1	CKS2	ENSG00000123975	intragenic
ENSG00000276124	MIR6855	miRNA	9	129869605	129869671	1	USP20	ENSG00000136878	intragenic
ENSG00000199165	MIRLET7A1	miRNA	9	94175957	94176036	1	MIRLET7A1HG	ENSG00000269929	intragenic
ENSG00000199072	MIRLET7F1	miRNA	9	94176347	94176433	1	MIRLET7A1HG	ENSG00000269929	intragenic
ENSG00000199133	MIRLET7D	miRNA	9	94178834	94178920	1	LINC02603	ENSG00000230262	antisense
ENSG00000199133	MIRLET7D	miRNA	9	94178834	94178920	1	MIRLET7A1HG	ENSG00000269929	intragenic
ENSG00000278412	MIR6854	miRNA	9	98229149	98229217	-1	TBC1D2	ENSG00000095383	intragenic
ENSG00000275377	MIR1299	miRNA	9	40929010	40929092	-1	PGM5P2	ENSG00000290923	intragenic
ENSG00000264744	MIR3689C	miRNA	9	134849298	134849369	-1			intergenic
ENSG00000265872	MIR3689A	miRNA	9	134849487	134849564	-1			intergenic
ENSG00000265848	MIR3689D1	miRNA	9	134849609	134849682	-1			intergenic
ENSG00000264163	MIR3689B	miRNA	9	134850125	134850272	-1			intergenic
ENSG00000264136	MIR3689D2	miRNA	9	134850277	134850356	-1			intergenic
ENSG00000266827	MIR3689E	miRNA	9	134850570	134850641	-1			intergenic
ENSG00000266514	MIR3689F	miRNA	9	134850742	134850807	-1			intergenic
ENSG00000263575	MIR4665	miRNA	9	6007826	6007904	1	BRD10	ENSG00000183354	antisense
ENSG00000207693	MIR602	miRNA	9	137838419	137838516	1	EHMT1	ENSG00000181090	intragenic
ENSG00000266255	MIR4475	miRNA	9	36823539	36823599	-1		ENSG00000287514	antisense
ENSG00000264922	MIR4540	miRNA	9	36864254	36864308	-1	PAX5	ENSG00000196092	intragenic
ENSG00000265368	MIR4476	miRNA	9	36893462	36893531	-1	PAX5	ENSG00000196092	intragenic
ENSG00000266855	MIR3910-1	miRNA	9	91636251	91636361	1	ROR2	ENSG00000169071	antisense
ENSG00000283351	MIR3910-2	miRNA	9	91636264	91636345	-1	ROR2	ENSG00000169071	intragenic
ENSG00000207628	MIR651	miRNA	X	8126965	8127061	1		ENSG00000285679	intragenic
ENSG00000265284	MIR4770	miRNA	X	6383906	6383963	-1			intergenic
ENSG00000263652	MIR548AX	miRNA	X	11318614	11318686	-1	ARHGAP6	ENSG00000047648	intragenic
ENSG00000265144	MIR548AM	miRNA	X	16627012	16627085	-1	CTPS2	ENSG00000047230	intragenic
ENSG00000221466	MIR548AJ2	miRNA	X	38023895	38023986	-1		ENSG00000250349	antisense
ENSG00000221466	MIR548AJ2	miRNA	X	38023895	38023986	-1	SYTL5	ENSG00000147041	antisense
ENSG00000263730	MIR3937	miRNA	X	39661216	39661321	1		ENSG00000289068	intragenic
ENSG00000207758	MIR532	miRNA	X	50003148	50003238	1	CLCN5	ENSG00000171365	intragenic
ENSG00000207768	MIR188	miRNA	X	50003503	50003588	1	CLCN5	ENSG00000171365	intragenic
ENSG00000207785	MIR500A	miRNA	X	50008431	50008514	1	CLCN5	ENSG00000171365	intragenic
ENSG00000208015	MIR362	miRNA	X	50008964	50009028	1	CLCN5	ENSG00000171365	intragenic
ENSG00000211538	MIR501	miRNA	X	50009722	50009805	1	CLCN5	ENSG00000171365	intragenic
ENSG00000239057	MIR500B	miRNA	X	50010672	50010750	1	CLCN5	ENSG00000171365	intragenic
ENSG00000207970	MIR660	miRNA	X	50013241	50013337	1	CLCN5	ENSG00000171365	intragenic
ENSG00000272080	MIR502	miRNA	X	50014598	50014683	1	CLCN5	ENSG00000171365	intragenic
ENSG00000284567	MIR223	miRNA	X	66018870	66018979	1	MIR223HG	ENSG00000274536	intragenic
ENSG00000275335	MIR8088	miRNA	X	52336557	52336642	-1			intergenic
ENSG00000266328	MIR4536-2	miRNA	X	55451495	55451582	1			intergenic
ENSG00000211991	MIR676	miRNA	X	70022857	70022923	1	EDA	ENSG00000158813	intragenic
ENSG00000283334	MIR4536-1	miRNA	X	55451495	55451582	-1			intergenic
ENSG00000283622	MIR4328	miRNA	X	78901194	78901249	-1			intergenic
ENSG00000283435	MIR1321	miRNA	X	85835780	85835858	1			intergenic
ENSG00000221187	MIR548M	miRNA	X	95063141	95063226	-1			intergenic
ENSG00000283242	MIR384	miRNA	X	76919273	76919360	-1	MIR325HG	ENSG00000280870	intragenic
ENSG00000207995	MIR325	miRNA	X	77005404	77005501	-1	MIR325HG	ENSG00000280870	intragenic
ENSG00000199051	MIR361	miRNA	X	85903636	85903707	-1	CHM	ENSG00000188419	intragenic
ENSG00000275110		miRNA	X	109054542	109054590	1			intergenic
ENSG00000265456	MIR3672	miRNA	X	121370972	121371053	1			intergenic
ENSG00000216060	MIR934	miRNA	X	136550878	136550960	1	VGLL1	ENSG00000102243	intragenic
ENSG00000207866	MIR514A2	miRNA	X	147281943	147282030	-1		ENSG00000287017	intragenic
ENSG00000207868	MIR514A1	miRNA	X	147279247	147279344	-1			intergenic
ENSG00000221081	MIR320D2	miRNA	X	140926172	140926219	-1			intergenic
ENSG00000252219	MIR892C	miRNA	X	145992750	145992826	-1			intergenic
ENSG00000207867	MIR514A3	miRNA	X	147284641	147284728	-1		ENSG00000287017	intragenic
ENSG00000216075	MIR890	miRNA	X	145994275	145994351	-1			intergenic
ENSG00000216005	MIR888	miRNA	X	145994784	145994860	-1			intergenic
ENSG00000215943	MIR892A	miRNA	X	145996669	145996743	-1			intergenic
ENSG00000216098	MIR892B	miRNA	X	145997198	145997274	-1			intergenic
ENSG00000216064	MIR891B	miRNA	X	146001053	146001131	-1			intergenic
ENSG00000207641	MIR510	miRNA	X	147272335	147272408	-1			intergenic
ENSG00000216056	MIR891A	miRNA	X	146027794	146027872	-1			intergenic
ENSG00000265789	MIR4330	miRNA	X	151168222	151168326	1			intergenic
ENSG00000216171	MIR513C	miRNA	X	147189704	147189787	-1		ENSG00000284377	antisense
ENSG00000216171	MIR513C	miRNA	X	147189704	147189787	-1		ENSG00000296782	intragenic
ENSG00000207871	MIR513B	miRNA	X	147199044	147199127	-1		ENSG00000284377	antisense
ENSG00000207871	MIR513B	miRNA	X	147199044	147199127	-1		ENSG00000296782	intragenic
ENSG00000207873	MIR513A1	miRNA	X	147213463	147213591	-1		ENSG00000284377	antisense
ENSG00000207873	MIR513A1	miRNA	X	147213463	147213591	-1		ENSG00000296782	intragenic
ENSG00000207984	MIR513A2	miRNA	X	147225826	147225952	-1		ENSG00000284377	antisense
ENSG00000207984	MIR513A2	miRNA	X	147225826	147225952	-1		ENSG00000296782	intragenic
ENSG00000207731	MIR506	miRNA	X	147230720	147230843	-1		ENSG00000284377	antisense
ENSG00000207969	MIR507	miRNA	X	147230984	147231077	-1		ENSG00000284377	antisense
ENSG00000207589	MIR508	miRNA	X	147236913	147237027	-1		ENSG00000284377	antisense
ENSG00000252583	MIR514B	miRNA	X	147250151	147250230	-1		ENSG00000284377	antisense
ENSG00000212013	MIR509-2	miRNA	X	147258760	147258850	-1		ENSG00000284377	antisense
ENSG00000212014	MIR509-3	miRNA	X	147259652	147259726	-1		ENSG00000284377	antisense
ENSG00000208000	MIR509-1	miRNA	X	147260532	147260625	-1		ENSG00000284377	antisense
ENSG00000263858	MIR4769	miRNA	X	47587429	47587505	1		ENSG00000283743	antisense
ENSG00000263858	MIR4769	miRNA	X	47587429	47587505	1	SYN1	ENSG00000008056	antisense
ENSG00000221190	MIR1184-2	miRNA	X	155383100	155383198	-1	F8A2	ENSG00000288709	antisense
ENSG00000221603	MIR1184-3	miRNA	X	155457517	155457615	1	F8A3	ENSG00000277150	antisense
ENSG00000221603	MIR1184-3	miRNA	X	155457517	155457615	1	TMLHE	ENSG00000185973	antisense
ENSG00000276350	MIR6858	miRNA	X	154450320	154450386	1	FAM50A	ENSG00000071859	intragenic
ENSG00000211578	MIR766	miRNA	X	119646738	119646848	-1	SEPTIN6	ENSG00000125354	intragenic
ENSG00000265465	MIR4768	miRNA	X	17425881	17425954	1	NHS	ENSG00000188158	intragenic
ENSG00000276575	MIR6895	miRNA	X	53195411	53195488	-1	KDM5C	ENSG00000126012	intragenic
ENSG00000277474	MIR6894	miRNA	X	53198889	53198945	-1	KDM5C	ENSG00000126012	intragenic
ENSG00000278204	MIR6857	miRNA	X	53405673	53405765	-1	SMC1A	ENSG00000072501	intragenic
ENSG00000265176	MIR3202-1	miRNA	X	153981097	153981177	1	TMEM187	ENSG00000177854	intragenic
ENSG00000283694	MIR3202-2	miRNA	X	153981098	153981176	-1	TMEM187	ENSG00000177854	antisense
ENSG00000284286	MIR718	miRNA	X	154019920	154019989	-1	IRAK1	ENSG00000184216	intragenic
ENSG00000271886	MIR98	miRNA	X	53556223	53556341	-1	HUWE1	ENSG00000086758	intragenic
ENSG00000208012	MIRLET7F2	miRNA	X	53557192	53557274	-1	HUWE1	ENSG00000086758	intragenic
ENSG00000252454	MIR2114	miRNA	X	150228004	150228083	1			intergenic
ENSG00000283775	MIR4329	miRNA	X	112780718	112780788	-1	AMOT	ENSG00000126016	intragenic
ENSG00000222532	MIR1468	miRNA	X	63786002	63786087	-1	ARHGEF9	ENSG00000131089	intragenic
ENSG00000207633	MIR505	miRNA	X	139924148	139924231	-1	ATP11C	ENSG00000101974	intragenic
ENSG00000208013	MIR652	miRNA	X	110055329	110055426	1	TMEM164	ENSG00000157600	intragenic
ENSG00000265584	MIR3978	miRNA	X	110082118	110082218	1	TMEM164	ENSG00000157600	intragenic
ENSG00000263972	MIR1587	miRNA	X	39837561	39837613	1		ENSG00000261435	antisense
ENSG00000263600	MIR3915	miRNA	X	32583656	32583752	-1	DMD	ENSG00000198947	intragenic
ENSG00000221348	MIR548F5	miRNA	X	32641474	32641559	-1	DMD	ENSG00000198947	intragenic
ENSG00000283493	MIR6086	miRNA	X	13590292	13590346	1	EGFL6	ENSG00000198759	intragenic
ENSG00000284363	MIR224	miRNA	X	151958578	151958658	-1	GABRE	ENSG00000102287	intragenic
ENSG00000283751	MIR452	miRNA	X	151959628	151959712	-1	GABRE	ENSG00000102287	intragenic
ENSG00000277120	MIR6089	miRNA	X	2609191	2609254	1	CD99P1	ENSG00000291040	intragenic
ENSG00000277120	MIR6089	miRNA	X	2609191	2609254	1	LINC03112	ENSG00000289007	antisense
ENSG00000216001	MIR450B	miRNA	X	134540185	134540262	-1			intergenic
ENSG00000199132	MIR450A1	miRNA	X	134540341	134540431	-1			intergenic
ENSG00000207755	MIR450A2	miRNA	X	134540508	134540607	-1			intergenic
ENSG00000207784	MIR542	miRNA	X	134541341	134541437	-1			intergenic
ENSG00000208005	MIR503	miRNA	X	134546328	134546398	-1	MIR503HG	ENSG00000223749	intragenic
ENSG00000284231	MIR424	miRNA	X	134546614	134546711	-1	MIR503HG	ENSG00000223749	intragenic
ENSG00000264268	MIR4767	miRNA	X	7147860	7147937	1	STS	ENSG00000101846	intragenic
ENSG00000264268	MIR4767	miRNA	X	7147860	7147937	1	PUDP	ENSG00000130021	antisense
ENSG00000284450	MIR664B	miRNA	X	154768596	154768656	1	SNORA36A	ENSG00000206948	intragenic
ENSG00000284450	MIR664B	miRNA	X	154768596	154768656	1	DKC1	ENSG00000130826	intragenic
ENSG00000221533	MIR1184-1	miRNA	X	154887360	154887458	-1	F8A1	ENSG00000288722	antisense
ENSG00000221533	MIR1184-1	miRNA	X	154887360	154887458	-1	F8	ENSG00000185010	intragenic
ENSG00000264566	MIR23C	miRNA	X	20017088	20017187	-1	MAP7D2	ENSG00000184368	intragenic
ENSG00000265658	MIR3690	miRNA	X	1293918	1293992	1	CSF2RA	ENSG00000198223	intragenic
ENSG00000212100	MIR764	miRNA	X	114639435	114639519	1	HTR2C	ENSG00000147246	intragenic
ENSG00000222321	MIR1912	miRNA	X	114651544	114651623	1	HTR2C	ENSG00000147246	intragenic
ENSG00000276158	MIR1264	miRNA	X	114652655	114652723	1	HTR2C	ENSG00000147246	intragenic
ENSG00000221710	MIR1298	miRNA	X	114715233	114715344	1		ENSG00000306059	antisense
ENSG00000221710	MIR1298	miRNA	X	114715233	114715344	1	HTR2C	ENSG00000147246	intragenic
ENSG00000222715	MIR1911	miRNA	X	114763184	114763263	1		ENSG00000306059	antisense
ENSG00000222715	MIR1911	miRNA	X	114763184	114763263	1	HTR2C	ENSG00000147246	intragenic
ENSG00000199001	MIR448	miRNA	X	114823454	114823564	1	HTR2C	ENSG00000147246	intragenic
ENSG00000221494	MIR548I4	miRNA	X	84225752	84225828	-1			intergenic
ENSG00000207800	MIR504	miRNA	X	138667711	138667793	-1	FGF13	ENSG00000129682	intragenic
ENSG00000202566	MIR421	miRNA	X	74218377	74218461	-1	FTX	ENSG00000230590	intragenic
ENSG00000212027	MIR374B	miRNA	X	74218547	74218618	-1	FTX	ENSG00000230590	intragenic
ENSG00000283534	MIR374C	miRNA	X	74218549	74218618	1	FTX	ENSG00000230590	antisense
ENSG00000207820	MIR545	miRNA	X	74287104	74287209	-1	FTX	ENSG00000230590	intragenic
ENSG00000199168	MIR374A	miRNA	X	74287286	74287357	-1	FTX	ENSG00000230590	intragenic
ENSG00000277569	MIR6134	miRNA	X	28495555	28495663	-1			intergenic
ENSG00000264090	MIR4666B	miRNA	X	29574278	29574358	1	IL1RAPL1	ENSG00000169306	intragenic
ENSG00000284499	MIR363	miRNA	X	134169378	134169452	-1	MIR106AHG	ENSG00000283638	intragenic
ENSG00000284538	MIR92A2	miRNA	X	134169538	134169612	-1	MIR106AHG	ENSG00000283638	intragenic
ENSG00000284107	MIR19B2	miRNA	X	134169671	134169766	-1	MIR106AHG	ENSG00000283638	intragenic
ENSG00000284043	MIR20B	miRNA	X	134169809	134169877	-1	MIR106AHG	ENSG00000283638	intragenic
ENSG00000283931	MIR18B	miRNA	X	134170041	134170111	-1	MIR106AHG	ENSG00000283638	intragenic
ENSG00000284157	MIR106A	miRNA	X	134170198	134170278	-1	MIR106AHG	ENSG00000283638	intragenic
ENSG00000207957	MIR105-1	miRNA	X	152392219	152392299	-1	GABRA3	ENSG00000011677	intragenic
ENSG00000211583	MIR767	miRNA	X	152393421	152393529	-1	GABRA3	ENSG00000011677	intragenic
ENSG00000207818	MIR105-2	miRNA	X	152394412	152394492	-1	GABRA3	ENSG00000011677	intragenic
ENSG00000221463	MIR1277	miRNA	X	118386394	118386471	1	WDR44	ENSG00000131725	intragenic
ENSG00000207870	MIR221	miRNA	X	45746157	45746266	-1	MIR222HG	ENSG00000270069	intragenic
ENSG00000207725	MIR222	miRNA	X	45747015	45747124	-1	MIR222HG	ENSG00000270069	intragenic
ENSG00000263515	MIR548AN	miRNA	X	106639814	106639896	1	RADX	ENSG00000147231	intragenic
ENSG00000292346	MIR6089	miRNA	Y	2609191	2609254	1	CD99P1	ENSG00000292362	intragenic
ENSG00000292346	MIR6089	miRNA	Y	2609191	2609254	1	LINC03112	ENSG00000292360	antisense
ENSG00000292355	MIR3690	miRNA	Y	1293918	1293992	1	CSF2RA	ENSG00000292357	intragenic
